Dataset,Algorithm,Run,Status,ErrorMessage,BestScore,BestC,BestKernelParameter,ACC,MCC,Sensitivity,Specificity,OptimizationRuntimeSeconds,EvaluationRuntimeSeconds,TotalRuntimeSeconds
bankreshape,QHDBO,1,ok,,0.266317484440585,1.08244716817746,1.1335836946428,71.1217391304348,0.429006248276233,69.4199689199689,73.976023976024,14.4328471,0.123939,14.5570998
bankreshape,QHDBO,2,ok,,0.250135692574902,1,1.02665963214555,72.4369565217391,0.461760636109406,70.2112193362193,76.9661172161172,13.50036,0.014467,13.514935
bankreshape,QHDBO,3,ok,,0.233469025908236,1.49147104998199,1,72.4398550724638,0.454161095697035,71.2556332556333,74.6337551337551,13.6511261,0.0129351,13.6641379
bankreshape,QHDBO,4,ok,,0.241720943696628,3.90968621064543,1,75.5746376811594,0.521034967425283,74.2319902319902,78.6208236208236,15.1386731,0.0125928,15.1513383
bankreshape,QHDBO,5,ok,,0.237720726588508,19.1708511896485,1,74.6246376811594,0.494531993168792,72.6630591630592,77.1172161172161,14.5763333,0.0170988,14.5938847
bankreshape,QHDBO,6,ok,,0.250341945288754,4.51061148370813,1,75.4702898550725,0.516656697568958,73.6437451437452,78.8943278943279,13.3118635,0.0116123,13.3234791
bankreshape,QHDBO,7,ok,,0.232848458532349,9.45594611873303,1,76.5811594202899,0.533498962098258,74.6340326340326,78.8524808524809,14.7813138,0.0165927,14.7979092
bankreshape,QHDBO,8,ok,,0.220692213055435,12.2943857217956,1,75.8036231884058,0.524809350495665,73.7613636363636,79.3601953601953,17.3011034,0.0184131,17.3195193
bankreshape,QHDBO,9,ok,,0.216666666666667,18.6660439499822,1,74.9978260869565,0.510929370928563,72.5459671047906,79.3039183039183,15.0586922,0.015183,15.0738789
bankreshape,QHDBO,10,ok,,0.258767549573021,1.14102106907806,1,72.1507246376812,0.447719921613313,70.2011632158691,75.3348318348318,14.7577687,0.017602,14.7753745
bankreshape,QHDBO,11,ok,,0.25012483716891,20,1,77.0746376811594,0.551720627654519,74.3924825174825,81.4335664335664,14.3814782,0.0120445,14.3935273
bankreshape,QHDBO,12,ok,,0.236718410768563,12.1426476310616,1,77.8746376811594,0.565760244650402,75.6958874458875,81.3489010989011,13.1043223,0.0109399,13.1152653
bankreshape,QHDBO,13,ok,,0.249477131278043,2.13065686621439,1,71.3065217391304,0.4293049681269,68.9207459207459,74.1983016983017,14.3184455,0.0147658,14.3332153
bankreshape,QHDBO,14,ok,,0.2625,1.49517452298378,1,74.5130434782609,0.495139104101492,72.1126651126651,77.8984348984349,15.0709316,0.0137824,15.084718
bankreshape,QHDBO,15,ok,,0.207763424518744,5.25930507135896,1,74.5297101449275,0.496969575848652,72.3752913752914,77.8387723387723,13.6063307,0.0118236,13.618157
bankreshape,QHDBO,16,ok,,0.254032783326096,20,1,76.1311594202898,0.535617081308614,74.3849483849484,80.0551948051948,13.1202387,0.0110487,13.1312901
bankreshape,QHDBO,17,ok,,0.283380373425966,1.00962922676536,1,73.2811594202899,0.467655899852169,70.3461538461539,76.6853146853147,13.9662339,0.0112593,13.9774966
bankreshape,QHDBO,18,ok,,0.262937834708352,2.27713989655998,1,74.1115942028986,0.496121388004226,71.5439976689977,79.1339771339771,14.5453774,0.0128213,14.5582014
bankreshape,QHDBO,19,ok,,0.266196265740339,1.23538909619536,1,72.9246376811594,0.468863745339224,70.077602952603,77.6391663891664,15.2159418,0.0121485,15.2280942
bankreshape,QHDBO,20,ok,,0.229808944854538,8.19450182261063,1,77.1731884057971,0.545258488579703,74.4153069153069,80.3111888111888,14.0480878,0.0140789,14.0621704
bankreshape,QHDBO,21,ok,,0.266666666666667,1.90721803347947,1,70.8188405797101,0.422958524414022,69.3068043068043,73.487012987013,14.6094263,0.0136784,14.6231082
bankreshape,QHDBO,22,ok,,0.249348675640469,17.0694207802728,1,76.2050724637681,0.529040237640152,72.8726273726274,80.1468531468531,14.3245233,0.0115833,14.3361108
bankreshape,QHDBO,23,ok,,0.258391228831958,1.86176205774656,1.43357752926031,71.9478260869565,0.445737044291869,68.7512487512488,76.2185592185592,13.3932135,0.0108843,13.4041011
bankreshape,QHDBO,24,ok,,0.271490085395861,1.16428292953601,1,72.4884057971014,0.45234654852762,69.3699633699634,76.031968031968,13.2675671,0.0119275,13.2794976
bankreshape,QHDBO,25,ok,,0.257947966420611,2.210288616871,1,71.1115942028985,0.432834231664991,70.0703463203463,74.2335972850679,12.9068453,0.0128209,12.9196694
bankreshape,QHDBO,26,ok,,0.262196048632219,1,7.39148468867452,72.1275362318841,0.44929292406743,69.9080086580087,75.8088235294118,12.4348975,0.0118123,12.4467122
bankreshape,QHDBO,27,ok,,0.271064915327833,1.2544077354831,1,72.9246376811594,0.46363067671037,70.6136918636919,76.5660173160173,12.6290199,0.0124585,12.6414819
bankreshape,QHDBO,28,ok,,0.229202851353307,16.0162228443495,1,74.5065217391304,0.498607293658642,71.7747668997669,78.8286713286713,12.6452932,0.0118415,12.6571376
bankreshape,QHDBO,29,ok,,0.245880373425966,2.73386857801034,1,73.7463768115942,0.478936163371775,70.6425241425241,77.3782883782884,13.0021868,0.0111083,13.0132984
bankreshape,QHDBO,30,ok,,0.241628672745694,17.7506985407401,1,77.5275362318841,0.562250669097089,76.1262626262626,81.3884285648992,12.7589448,0.0112113,12.7701591
bankreshape,IDBO,1,ok,,0.241572586481401,18.7086267951657,1,78.3289855072464,0.572838694865027,77.1441107911696,80.6793206793207,27.2642403,0.0124249,27.2766684
bankreshape,IDBO,2,ok,,0.225649515125199,5.37749691583501,1,76.5898550724638,0.541350420676037,74.3178488178488,80.4584304584304,27.2404659,0.011081,27.2515512
bankreshape,IDBO,3,ok,,0.225047040092633,13.7898763140806,1,73.2384057971015,0.468650071997334,70.8544094794095,76.5353812853813,26.4376969,0.0117168,26.4494168
bankreshape,IDBO,4,ok,,0.241720943696628,3.88316678046764,1,75.5746376811594,0.521034967425283,74.2319902319902,78.6208236208236,26.9941946,0.0115212,27.0057189
bankreshape,IDBO,5,ok,,0.216795122304241,2.16232825029421,0.336273714973212,76.6913043478261,0.536725787442833,75.4073426573427,78.9138084138084,27.0721342,0.0122151,27.0843523
bankreshape,IDBO,6,ok,,0.250341945288754,4.78981490362547,1,75.4702898550725,0.516656697568958,73.6437451437452,78.8943278943279,26.8252483,0.0111574,26.836409
bankreshape,IDBO,7,ok,,0.232848458532349,9.33885873405287,1,76.5811594202899,0.533498962098258,74.6340326340326,78.8524808524809,26.7551721,0.0118001,26.7669755
bankreshape,IDBO,8,ok,,0.220607179041829,18.0933318703177,1.11356064434096,75.8036231884058,0.524809350495665,73.7613636363636,79.3601953601953,27.1012707,0.0115894,27.1128633
bankreshape,IDBO,9,ok,,0.2,3.63984733444875,0.11969912903057,82.5050724637681,0.662800659917278,81.766983016983,85.5169348625231,26.8646025,0.0113748,26.8759802
bankreshape,IDBO,10,ok,,0.221171660153423,19.3723978520644,1,76.0079710144928,0.526092039439461,74.2716499187087,78.7377622377622,26.1556676,0.011723,26.1673934
bankreshape,IDBO,11,ok,,0.25012483716891,19.5532148758921,1,77.0746376811594,0.551720627654519,74.3924825174825,81.4335664335664,27.1834246,0.0110577,27.1944848
bankreshape,IDBO,12,ok,,0.236718410768563,12.0994283590996,1,77.8746376811594,0.565760244650402,75.6958874458875,81.3489010989011,26.7169815,0.0108405,26.727825
bankreshape,IDBO,13,ok,,0.228898899985526,20,1,75.8231884057971,0.524360494253925,73.8611388611389,79.1519591519591,26.2934564,0.010671,26.30413
bankreshape,IDBO,14,ok,,0.220833333333333,14.6949060708411,0.881694432762831,77.4340579710145,0.559200906195417,75.4749417249417,81.5118215118215,26.5097335,0.0128997,26.5226362
bankreshape,IDBO,15,ok,,0.203855478361557,10.753275743629,1,76.2326086956522,0.53219408985719,74.6105006105006,79.3722943722944,27.9593343,0.0114828,27.9708201
bankreshape,IDBO,16,ok,,0.254032783326096,20,1,76.1311594202898,0.535617081308614,74.3849483849484,80.0551948051948,26.4015322,0.0115705,26.4131053
bankreshape,IDBO,17,ok,,0.199685193226227,3.16854174339309,0.10679764532222,82.9413043478261,0.66566274241811,80.5548201798202,86.7570207570208,26.7886259,0.0112448,26.7998736
bankreshape,IDBO,18,ok,,0.245310464611377,16.8471451522149,1,75.7615942028985,0.526663368020635,75.1134421134421,78.8284215784216,26.246477,0.0105449,26.2570246
bankreshape,IDBO,19,ok,,0.233203068461427,18.6749655786284,1,72.8673913043478,0.461958915681789,70.7039904539905,76.0740093240093,26.2707764,0.0113083,26.2820888
bankreshape,IDBO,20,ok,,0.229808944854538,8.39817741254166,1,77.1731884057971,0.545258488579703,74.4153069153069,80.3111888111888,26.6628351,0.0155464,26.6783851
bankreshape,IDBO,21,ok,,0.25,20,1,77.5398550724638,0.554653524312332,76.2894882894883,79.5534465534466,26.387332,0.0121596,26.3994947
bankreshape,IDBO,22,ok,,0.249348675640469,18.4851133698528,1,76.6217391304348,0.536878486790147,73.478687978688,80.3391608391608,26.2265082,0.0108796,26.2373906
bankreshape,IDBO,23,ok,,0.175043421623969,5.26413200890567,0.0897950879944851,82.7869565217391,0.659164862874061,80.1798756798757,86.035298035298,26.5925112,0.0108246,26.603339
bankreshape,IDBO,24,ok,,0.179369300911854,15.799994496353,0.166944112819444,83.7442028985507,0.684725866066142,81.8091630591631,87.2994505494506,26.374194,0.0111443,26.3853412
bankreshape,IDBO,25,ok,,0.249525980605008,10.0265380295508,20,68.6949275362319,0.383431483776099,67.1616716616717,71.9906270200388,26.2103461,0.0105246,26.2208739
bankreshape,IDBO,26,ok,,0.225128455637574,3.95401030749396,1,74.5594202898551,0.499361400900097,72.3140193140193,78.3766168472051,26.7150185,0.0110839,26.7261049
bankreshape,IDBO,27,ok,,0.187451150673035,5.70831247403906,0.136228765930047,80.045652173913,0.602162707757647,79.2380952380953,81.3484848484848,26.5314143,0.0216028,26.5530205
bankreshape,IDBO,28,ok,,0.229202851353307,15.9308212746513,1,74.5065217391304,0.498607293658642,71.7747668997669,78.8286713286713,26.3480412,0.011309,26.3593532
bankreshape,IDBO,29,ok,,0.245880373425966,2.86187443479009,1,73.7463768115942,0.478936163371775,70.6425241425241,77.3782883782884,27.1110174,0.0108462,27.1218667
bankreshape,IDBO,30,ok,,0.237543421623969,2.19873115562633,0.735234310904367,76.745652173913,0.545639718761657,75.957708957709,79.7480436230436,26.5936284,0.0107826,26.604415
bankreshape,DBO,1,ok,,0.241572586481401,20,1,78.3289855072464,0.572838694865027,77.1441107911696,80.6793206793207,13.3468069,0.0119559,13.3587658
bankreshape,DBO,2,ok,,0.225649515125199,5.2332203267744,1,76.5898550724638,0.541350420676037,74.3178488178488,80.4584304584304,13.2719382,0.0108637,13.2828051
bankreshape,DBO,3,ok,,0.224962006079027,11.6808146876373,1.27165983560695,71.5884057971014,0.439325422749323,69.2473082473083,75.1926961926962,13.181515,0.0101116,13.1916293
bankreshape,DBO,4,ok,,0.241720943696628,3.90476976578876,1,75.5746376811594,0.521034967425283,74.2319902319902,78.6208236208236,13.1209027,0.0108957,13.1318014
bankreshape,DBO,5,ok,,0.237720726588508,19.0702382251453,1,74.6246376811594,0.494531993168792,72.6630591630592,77.1172161172161,13.2622132,0.0115885,13.2738045
bankreshape,DBO,6,ok,,0.250341945288754,4.38605768887152,1,75.4702898550725,0.516656697568958,73.6437451437452,78.8943278943279,13.2091339,0.010579,13.2197155
bankreshape,DBO,7,ok,,0.232848458532349,9.56586587438898,1,76.5811594202899,0.533498962098258,74.6340326340326,78.8524808524809,14.8544143,0.0140997,14.8685186
bankreshape,DBO,8,ok,,0.220692213055435,11.5378617754237,1,76.2202898550725,0.535408493222351,74.0113636363636,80.3324175824176,14.4757694,0.0116813,14.4874539
bankreshape,DBO,9,ok,,0.216666666666667,18.1122560042182,1.02446265915289,74.9978260869565,0.510929370928563,72.5459671047906,79.3039183039183,13.5786188,0.0126732,13.5912954
bankreshape,DBO,10,ok,,0.221171660153423,20,1,76.0079710144928,0.526092039439461,74.2716499187087,78.7377622377622,13.9482968,0.0116622,13.9599619
bankreshape,DBO,11,ok,,0.25012483716891,20,1,77.0746376811594,0.551720627654519,74.3924825174825,81.4335664335664,14.1339122,0.0110709,14.1449864
bankreshape,DBO,12,ok,,0.236718410768563,11.7884407209148,1,77.8746376811594,0.565760244650402,75.6958874458875,81.3489010989011,13.8998734,0.0113727,13.9112492
bankreshape,DBO,13,ok,,0.228898899985526,20,1,75.8231884057971,0.524360494253925,73.8611388611389,79.1519591519591,14.0258733,0.0121568,14.038033
bankreshape,DBO,14,ok,,0.220833333333333,20,1,78.7021739130435,0.582828480458498,76.9078421578422,82.2810522810523,13.8145094,0.011602,13.8261147
bankreshape,DBO,15,ok,,0.203596757852077,18.439615633795,1.41299029661555,75.7978260869565,0.52443409049226,74.1159951159951,79.1500721500721,13.8484878,0.0118173,13.8603078
bankreshape,DBO,16,ok,,0.254032783326096,20,1,76.1311594202898,0.535617081308614,74.3849483849484,80.0551948051948,13.9901119,0.0131053,14.0032207
bankreshape,DBO,17,ok,,0.237451150673035,15.8628291936176,1.03588085722487,79.1702898550725,0.586862698890032,76.5633255633256,82.512654012654,13.8323859,0.0114584,13.8438471
bankreshape,DBO,18,ok,,0.245310464611377,16.7188678913442,1,75.7615942028985,0.526663368020635,75.1134421134421,78.8284215784216,14.7513921,0.0200219,14.7714176
bankreshape,DBO,19,ok,,0.233203068461427,18.9961459055994,1,72.8673913043478,0.461958915681789,70.7039904539905,76.0740093240093,22.7623869,0.012967,22.7753586
bankreshape,DBO,20,ok,,0.229808944854538,8.82483635010973,1,77.1731884057971,0.544558581117755,74.7637917637918,79.9632034632035,17.5607258,0.0109454,17.5716746
bankreshape,DBO,21,ok,,0.25,20,1,77.5398550724638,0.554653524312332,76.2894882894883,79.5534465534466,17.1079157,0.0135626,17.1214815
bankreshape,DBO,22,ok,,0.249348675640469,20,1,77.0384057971014,0.544108721289205,73.9731934731935,80.520979020979,16.5216836,0.0129481,16.5346347
bankreshape,DBO,23,ok,,0.229302359241569,20,1.14599133223327,75.6449275362319,0.519246633749831,72.477355977356,79.8513708513708,14.7649855,0.0132568,14.7782463
bankreshape,DBO,24,ok,,0.242142495295991,18.4712437558386,1,77.8927536231884,0.559954260052171,76.6158841158841,79.8362054612055,17.790929,0.0125968,17.8035286
bankreshape,DBO,25,ok,,0.249525980605008,9.94160636413027,20,68.6949275362319,0.383431483776099,67.1616716616717,71.9906270200388,21.0597382,0.0117266,21.0714678
bankreshape,DBO,26,ok,,0.224954769141699,20,1.92163667768115,74.1427536231884,0.491177225694454,71.8744588744589,78.0129804835687,16.8855811,0.0147543,16.9003386
bankreshape,DBO,27,ok,,0.233639093935446,17.6436417081516,1,76.277536231884,0.533248099260114,76.2509573759574,78.4040518305224,14.1778324,0.0126237,14.1904591
bankreshape,DBO,28,ok,,0.229202851353307,16.0236663857702,1,74.5065217391304,0.498607293658642,71.7747668997669,78.8286713286713,14.0324461,0.0149989,14.0474479
bankreshape,DBO,29,ok,,0.245880373425966,3.3233417763637,1.06762202672235,73.7463768115942,0.478819410205625,70.7707292707293,77.2267732267732,14.2964793,0.013561,14.3100471
bankreshape,DBO,30,ok,,0.241628672745694,20,1,77.1108695652174,0.553013818548492,75.8698523698524,80.706610383081,14.5530478,0.0139464,14.5669978
bankreshape,WOA,1,ok,,0.241572586481401,17.7970935811804,1,77.495652173913,0.556707572693894,76.2350198820787,79.965034965035,15.2783952,0.0152618,15.2936605
bankreshape,WOA,2,ok,,0.225649515125199,5.48244125969821,1,76.5898550724638,0.541350420676037,74.3178488178488,80.4584304584304,15.1523705,0.0113217,15.1636948
bankreshape,WOA,3,ok,,0.224962006079027,13.7215731114086,1.37026478750611,71.5884057971014,0.439325422749323,69.2473082473083,75.1926961926962,13.9309777,0.0120438,13.9430246
bankreshape,WOA,4,ok,,0.237639311043566,19.1283227295596,1.12417463963518,76.7565217391304,0.546998443465337,76.8400210900211,79.0565545565546,14.3093004,0.0120932,14.3213964
bankreshape,WOA,5,ok,,0.237720726588508,19.5349626984173,1,74.6246376811594,0.494531993168792,72.6630591630592,77.1172161172161,14.9249907,0.0122141,14.937208
bankreshape,WOA,6,ok,,0.250341945288754,4.25634600807025,1,75.4702898550725,0.516656697568958,73.6437451437452,78.8943278943279,14.249506,0.0125971,14.2621059
bankreshape,WOA,7,ok,,0.232848458532349,9.36239513477913,1,76.5811594202899,0.533498962098258,74.6340326340326,78.8524808524809,14.697092,0.0107162,14.7078111
bankreshape,WOA,8,ok,,0.220607179041829,18.7308281368496,1.13950403176159,75.8036231884058,0.524809350495665,73.7613636363636,79.3601953601953,14.8552565,0.0138832,14.8691433
bankreshape,WOA,9,ok,,0.216666666666667,19.4263206296594,1.03854018905032,74.9978260869565,0.510929370928563,72.5459671047906,79.3039183039183,16.4854336,0.0111846,16.4966214
bankreshape,WOA,10,ok,,0.221171660153423,19.4011130533536,1,76.0079710144928,0.526092039439461,74.2716499187087,78.7377622377622,16.3232888,0.0169475,16.3402396
bankreshape,WOA,11,ok,,0.25012483716891,20,1,77.0746376811594,0.551720627654519,74.3924825174825,81.4335664335664,15.9211222,0.0279841,15.9491095
bankreshape,WOA,12,ok,,0.236633376754957,17.9291679673911,1.56888977379524,77.4579710144928,0.559190887759105,75.6807212395448,80.9095904095904,16.7914297,0.0131157,16.8045527
bankreshape,WOA,13,ok,,0.228898899985526,19.8359486058111,1,75.8231884057971,0.524360494253925,73.8611388611389,79.1519591519591,17.0254791,0.0117498,17.0372322
bankreshape,WOA,14,ok,,0.220833333333333,20,1,78.7021739130435,0.582828480458498,76.9078421578422,82.2810522810523,14.9986005,0.0109573,15.0095609
bankreshape,WOA,15,ok,,0.203596757852077,20,1.45297215729127,75.7978260869565,0.52443409049226,74.1159951159951,79.1500721500721,14.2534824,0.0124454,14.2659317
bankreshape,WOA,16,ok,,0.254032783326096,20,1,76.1311594202898,0.535617081308614,74.3849483849484,80.0551948051948,15.0264863,0.0119948,15.038485
bankreshape,WOA,17,ok,,0.237451150673035,16.3425401521427,1.06534079035594,79.1702898550725,0.586862698890032,76.5633255633256,82.512654012654,14.3732615,0.0112107,14.3844853
bankreshape,WOA,18,ok,,0.245310464611377,16.8531902619514,1,75.7615942028985,0.526663368020635,75.1134421134421,78.8284215784216,14.4376774,0.0115111,14.4491916
bankreshape,WOA,19,ok,,0.233203068461427,18.6959512569559,1,72.8673913043478,0.461958915681789,70.7039904539905,76.0740093240093,13.9170269,0.0100885,13.9271192
bankreshape,WOA,20,ok,,0.229808944854538,8.71764571556755,1,77.1731884057971,0.544558581117755,74.7637917637918,79.9632034632035,13.9038844,0.0126457,13.9165335
bankreshape,WOA,21,ok,,0.25,19.0795262671449,1,77.9746376811594,0.56424949129423,76.481795981796,80.3716283716284,14.8850385,0.0118506,14.896892
bankreshape,WOA,22,ok,,0.249348675640469,17.8116703559149,1,76.6217391304348,0.536878486790147,73.478687978688,80.3391608391608,13.5408282,0.0135251,13.5543562
bankreshape,WOA,23,ok,,0.229302359241569,20,1.17009107885152,75.6449275362319,0.519246633749831,72.477355977356,79.8513708513708,13.6784345,0.0121866,13.6906235
bankreshape,WOA,24,ok,,0.242142495295991,20,1,77.8927536231884,0.559954260052171,76.6158841158841,79.8362054612055,13.8562159,0.0115088,13.8677278
bankreshape,WOA,25,ok,,0.249614633087277,17.1448869573857,2.94334249235284,71.5797101449275,0.439704730571636,69.7420634920635,74.9244023949906,13.3581293,0.0098657,13.3679978
bankreshape,WOA,26,ok,,0.225128455637574,4.4853116156023,1,74.5594202898551,0.498947485113764,72.0530303030303,78.454156954157,13.6949729,0.0111974,13.7061733
bankreshape,WOA,27,ok,,0.233639093935446,17.2680399901019,1,76.277536231884,0.533248099260114,76.2509573759574,78.4040518305224,13.6211925,0.0108714,13.6320669
bankreshape,WOA,28,ok,,0.229202851353307,16.0185448762134,1,74.5065217391304,0.498607293658642,71.7747668997669,78.8286713286713,13.5798953,0.011159,13.5910579
bankreshape,WOA,29,ok,,0.245880373425966,2.74505297029192,1,73.7463768115942,0.478936163371775,70.6425241425241,77.3782883782884,16.0360552,0.0148772,16.0509365
bankreshape,WOA,30,ok,,0.241628672745694,20,1,77.1108695652174,0.553013818548492,75.8698523698524,80.706610383081,14.3871535,0.0119261,14.3990829
bankreshape,GWO,1,ok,,0.241572586481401,20,1,78.3289855072464,0.572838694865027,77.1441107911696,80.6793206793207,13.8966171,0.0117148,13.9083356
bankreshape,GWO,2,ok,,0.225649515125199,5.39254510631644,1,76.5898550724638,0.541350420676037,74.3178488178488,80.4584304584304,14.5015548,0.0130221,14.5145809
bankreshape,GWO,3,ok,,0.224962006079027,11.7530685524024,1.27701732062653,71.5884057971014,0.439325422749323,69.2473082473083,75.1926961926962,14.2674905,0.0147529,14.2822461
bankreshape,GWO,4,ok,,0.237639311043566,20,1.12827606549365,76.7565217391304,0.546998443465337,76.8400210900211,79.0565545565546,14.8494245,0.0111309,14.8605589
bankreshape,GWO,5,ok,,0.237720726588508,19.7606640051548,1,75.0413043478261,0.502656562880591,73.2994227994228,77.3369963369963,13.694832,0.0136024,13.7084383
bankreshape,GWO,6,ok,,0.250341945288754,4.61691752534519,1,75.4702898550725,0.516656697568958,73.6437451437452,78.8943278943279,13.6854936,0.0110839,13.6965802
bankreshape,GWO,7,ok,,0.232848458532349,9.44170612105622,1,76.5811594202899,0.533498962098258,74.6340326340326,78.8524808524809,13.2137898,0.0211813,13.234974
bankreshape,GWO,8,ok,,0.220607179041829,18.3731585517011,1.11502662394646,75.8036231884058,0.524809350495665,73.7613636363636,79.3601953601953,13.0726455,0.0111359,13.0837847
bankreshape,GWO,9,ok,,0.216666666666667,20,1.06063572067665,74.9978260869565,0.510929370928563,72.5459671047906,79.3039183039183,12.9856774,0.0215197,13.0071999
bankreshape,GWO,10,ok,,0.221171660153423,20,1,76.0079710144928,0.526092039439461,74.2716499187087,78.7377622377622,13.1245146,0.0110158,13.1355328
bankreshape,GWO,11,ok,,0.25012483716891,20,1,77.0746376811594,0.551720627654519,74.3924825174825,81.4335664335664,13.102192,0.0100604,13.1122552
bankreshape,GWO,12,ok,,0.236633376754957,17.344795933273,1.5520406285583,77.4579710144928,0.559190887759105,75.6807212395448,80.9095904095904,13.6993443,0.0122024,13.7115501
bankreshape,GWO,13,ok,,0.228898899985526,20,1,75.8231884057971,0.524360494253925,73.8611388611389,79.1519591519591,13.377929,0.0114995,13.3894317
bankreshape,GWO,14,ok,,0.220833333333333,20,1,78.7021739130435,0.582828480458498,76.9078421578422,82.2810522810523,14.2225462,0.0137345,14.2362839
bankreshape,GWO,15,ok,,0.203596757852077,18.9878361970709,1.42609368980659,75.7978260869565,0.52443409049226,74.1159951159951,79.1500721500721,13.148582,0.0104327,13.1590183
bankreshape,GWO,16,ok,,0.254032783326096,20,1,76.1311594202898,0.535617081308614,74.3849483849484,80.0551948051948,13.8541273,0.0113776,13.8655077
bankreshape,GWO,17,ok,,0.237451150673035,16.0956076876136,1.06398261411923,79.1702898550725,0.586862698890032,76.5633255633256,82.512654012654,13.6187734,0.0213641,13.6401411
bankreshape,GWO,18,ok,,0.245310464611377,17.295724971194,1,75.7615942028985,0.526663368020635,75.1134421134421,78.8284215784216,13.6234798,0.012491,13.635974
bankreshape,GWO,19,ok,,0.233203068461427,19.1790696997162,1,72.8673913043478,0.461958915681789,70.7039904539905,76.0740093240093,14.7510307,0.0172863,14.7683209
bankreshape,GWO,20,ok,,0.229808944854538,8.39572087234727,1,77.1731884057971,0.545258488579703,74.4153069153069,80.3111888111888,16.7375393,0.0153677,16.7529109
bankreshape,GWO,21,ok,,0.25,18.548119617849,1,77.9746376811594,0.56424949129423,76.481795981796,80.3716283716284,14.2335696,0.0118856,14.2454585
bankreshape,GWO,22,ok,,0.249348675640469,18.8183232167168,1,76.6217391304348,0.536878486790147,73.478687978688,80.3391608391608,15.1398003,0.01268,15.1524836
bankreshape,GWO,23,ok,,0.229302359241569,16.9792215800958,1.07249984771732,76.0615942028985,0.526851376567526,72.9260739260739,80.1544011544012,15.0466273,0.0126049,15.0592348
bankreshape,GWO,24,ok,,0.242142495295991,16.3958125344773,1,77.8927536231884,0.559954260052171,76.6158841158841,79.8362054612055,15.0690809,0.0115074,15.0805914
bankreshape,GWO,25,ok,,0.249525980605008,9.47497456500878,19.2484494233167,69.1115942028986,0.390840585317705,67.6012321012321,72.2633542927661,13.8421819,0.0120075,13.8541929
bankreshape,GWO,26,ok,,0.220961788970907,5.63295685787983,1.14947022292294,74.5594202898551,0.499361400900097,72.3140193140193,78.3766168472051,14.5074391,0.0116326,14.5190748
bankreshape,GWO,27,ok,,0.233639093935446,17.7464488423749,1,76.277536231884,0.533248099260114,76.2509573759574,78.4040518305224,15.4249534,0.0160163,15.4409735
bankreshape,GWO,28,ok,,0.229202851353307,15.9846706147931,1,74.5065217391304,0.498607293658642,71.7747668997669,78.8286713286713,15.1612524,0.0152169,15.1764725
bankreshape,GWO,29,ok,,0.245880373425966,2.78335132579292,1,73.7463768115942,0.478936163371775,70.6425241425241,77.3782883782884,14.9912128,0.0115575,15.0027733
bankreshape,GWO,30,ok,,0.241628672745694,18.4728578796199,1,77.5275362318841,0.562250669097089,76.1262626262626,81.3884285648992,14.7386523,0.0139043,14.7525598
bankreshape,HHO,1,ok,,0.241572586481401,20,1,78.3289855072464,0.572838694865027,77.1441107911696,80.6793206793207,33.4660315,0.0117334,33.4777684
bankreshape,HHO,2,ok,,0.225649515125199,5.48056053286406,1,76.5898550724638,0.541350420676037,74.3178488178488,80.4584304584304,35.4750274,0.011772,35.486804
bankreshape,HHO,3,ok,,0.224962006079027,13.758595847432,1.37281314729041,71.5884057971014,0.439325422749323,69.2473082473083,75.1926961926962,34.4910847,0.0105078,34.5015967
bankreshape,HHO,4,ok,,0.237639311043566,20,1.12586350505907,76.7565217391304,0.546998443465337,76.8400210900211,79.0565545565546,30.7806914,0.0122187,30.792913
bankreshape,HHO,5,ok,,0.237720726588508,20,1,74.6246376811594,0.494052374083224,72.9660894660895,76.8608058608059,33.4597459,0.0122536,33.4720025
bankreshape,HHO,6,ok,,0.250341945288754,4.22522582344122,1,75.8702898550725,0.523045482411942,74.1437451437452,78.8943278943279,32.6226016,0.0128622,32.6354673
bankreshape,HHO,7,ok,,0.232848458532349,9.41588326791542,1,76.5811594202899,0.533498962098258,74.6340326340326,78.8524808524809,31.3947102,0.0144205,31.4091337
bankreshape,HHO,8,ok,,0.220607179041829,17.4948408751936,1.11598336808834,75.8036231884058,0.524809350495665,73.7613636363636,79.3601953601953,34.8882022,0.0128538,34.9010588
bankreshape,HHO,9,ok,,0.216666666666667,17.524863902746,1.02345907794992,74.5811594202899,0.503032745195493,71.8641489229725,79.1757131757132,33.6482871,0.0104797,33.6587695
bankreshape,HHO,10,ok,,0.221171660153423,19.4798469474512,1,76.0079710144928,0.526092039439461,74.2716499187087,78.7377622377622,32.8118372,0.010521,32.8223609
bankreshape,HHO,11,ok,,0.25012483716891,13.5461530562219,1.0347281547279,75.0079710144928,0.50661220606064,72.6828171828172,78.3669108669109,34.9026658,0.0112239,34.9138929
bankreshape,HHO,12,ok,,0.236633376754957,18.1197012754306,1.58554966841867,77.4579710144928,0.559190887759105,75.6807212395448,80.9095904095904,34.2894751,0.010772,34.3002512
bankreshape,HHO,13,ok,,0.228898899985526,20,1,75.8231884057971,0.524360494253925,73.8611388611389,79.1519591519591,34.2673504,0.014035,34.2813884
bankreshape,HHO,14,ok,,0.220833333333333,19.0395728565461,1,77.8507246376812,0.568145873828639,75.777972027972,82.0887445887446,35.1759071,0.0104745,35.1863852
bankreshape,HHO,15,ok,,0.207763424518744,5.24891226568598,1,74.5297101449275,0.496969575848652,72.3752913752914,77.8387723387723,35.8676954,0.0115365,35.879235
bankreshape,HHO,16,ok,,0.254032783326096,20,1,76.1311594202898,0.535617081308614,74.3849483849484,80.0551948051948,33.0424993,0.0114,33.0539036
bankreshape,HHO,17,ok,,0.237451150673035,15.6452442823078,1.06413408066352,79.1702898550725,0.586862698890032,76.5633255633256,82.512654012654,31.5488413,0.0121723,31.5610177
bankreshape,HHO,18,ok,,0.245310464611377,17.3977918653432,1,75.7615942028985,0.526663368020635,75.1134421134421,78.8284215784216,33.2151547,0.0107205,33.2258781
bankreshape,HHO,19,ok,,0.233203068461427,19.5494523171178,1,72.8673913043478,0.461958915681789,70.7039904539905,76.0740093240093,30.8270072,0.011138,30.8381493
bankreshape,HHO,20,ok,,0.229808944854538,8.39729681954448,1,77.1731884057971,0.545258488579703,74.4153069153069,80.3111888111888,35.2775771,0.0120306,35.2896118
bankreshape,HHO,21,ok,,0.25,19.1277996522061,1,77.5398550724638,0.554653524312332,76.2894882894883,79.5534465534466,33.2153424,0.0113508,33.2267342
bankreshape,HHO,22,ok,,0.274958387610363,1.57601473422778,15.9961899506995,72.8731884057971,0.458587844791913,70.494560994561,75.5809190809191,34.6081162,0.010381,34.6185486
bankreshape,HHO,23,ok,,0.25812527138515,1.63044244099342,10.7915090348681,72.0159420289855,0.44942942407096,69.9136141636142,75.8589466089466,34.9103754,0.0220113,34.9323896
bankreshape,HHO,24,ok,,0.242142495295991,20,1,77.8927536231884,0.559954260052171,76.6158841158841,79.8362054612055,32.5070961,0.0120679,32.5191671
bankreshape,HHO,25,ok,,0.249614633087277,18.24134198194,3.06069362680435,72.0144927536232,0.448038063904969,70.4238816738817,75.0759175465058,34.683356,0.0148726,34.6982314
bankreshape,HHO,26,ok,,0.220961788970907,5.75969408190056,1.17103967437142,74.5594202898551,0.499361400900097,72.3140193140193,78.3766168472051,36.008777,0.0141202,36.0229009
bankreshape,HHO,27,ok,,0.233639093935446,17.3526323013798,1,76.277536231884,0.533248099260114,76.2509573759574,78.4040518305224,31.7876703,0.01124,31.7989138
bankreshape,HHO,28,ok,,0.229202851353307,16.0230243771917,1,74.5065217391304,0.498607293658642,71.7747668997669,78.8286713286713,32.485668,0.011324,32.4969953
bankreshape,HHO,29,ok,,0.245880373425966,2.75424893492706,1,73.7463768115942,0.478936163371775,70.6425241425241,77.3782883782884,32.6911955,0.0111503,32.7023489
bankreshape,HHO,30,ok,,0.241628672745694,20,1,77.1108695652174,0.553013818548492,75.8698523698524,80.706610383081,33.4539918,0.0122447,33.4662396
bankreshape,EVO,1,ok,,0.241572586481401,20,1.01466462662176,78.3289855072464,0.572838694865027,77.1441107911696,80.6793206793207,29.1693156,0.0125821,29.181901
bankreshape,EVO,2,ok,,0.225649515125199,5.36227184565096,1,76.5898550724638,0.541350420676037,74.3178488178488,80.4584304584304,15.9230502,0.0109541,15.934008
bankreshape,EVO,3,ok,,0.229128672745694,8.98076352361751,1.11545696493723,72.0050724637681,0.446749547204512,69.6282606282606,75.5260295260295,15.5165926,0.0227944,15.5393902
bankreshape,EVO,4,ok,,0.241805977710233,18.6862601033988,1,77.5731884057971,0.562433902327346,77.5684593184593,79.8124653124653,15.0349308,0.0124542,15.0473883
bankreshape,EVO,5,ok,,0.237720726588508,19.0866753739485,1,74.6246376811594,0.494531993168792,72.6630591630592,77.1172161172161,23.6826345,0.0123495,23.6949881
bankreshape,EVO,6,ok,,0.250341945288754,4.32819050398298,1,75.4702898550725,0.516656697568958,73.6437451437452,78.8943278943279,30.1833464,0.0122647,30.1956145
bankreshape,EVO,7,ok,,0.232848458532349,9.59876841798318,1.01554223993007,76.5811594202899,0.533498962098258,74.6340326340326,78.8524808524809,29.5078615,0.0118773,29.519742
bankreshape,EVO,8,ok,,0.220692213055435,11.6309864752733,1,76.2202898550725,0.535408493222351,74.0113636363636,80.3324175824176,15.5703046,0.0104372,15.5807446
bankreshape,EVO,9,ok,,0.220833333333333,17.3847982771373,1.30616429620473,74.5811594202899,0.503533226400183,72.4525327613563,78.8405483405483,29.3677146,0.0124307,29.3801483
bankreshape,EVO,10,ok,,0.221171660153423,19.3600361613659,1,76.0079710144928,0.526092039439461,74.2716499187087,78.7377622377622,15.8692435,0.0117642,15.8810106
bankreshape,EVO,11,ok,,0.25012483716891,19.7254728060483,1.00606623048797,77.0746376811594,0.551720627654519,74.3924825174825,81.4335664335664,30.025377,0.0123338,30.0377141
bankreshape,EVO,12,ok,,0.236718410768563,12.3561391692187,1,77.8746376811594,0.565760244650402,75.6958874458875,81.3489010989011,15.6553435,0.0119303,15.6672768
bankreshape,EVO,13,ok,,0.228898899985526,19.8866049552862,1,75.8231884057971,0.524360494253925,73.8611388611389,79.1519591519591,16.2374413,0.0121467,16.2495915
bankreshape,EVO,14,ok,,0.220833333333333,20,1.11985588973961,76.9992753623188,0.548210982975977,75.2844655344655,80.4007104007104,30.4593049,0.019753,30.4790659
bankreshape,EVO,15,ok,,0.203855478361557,10.7127218169869,1,76.2326086956522,0.53219408985719,74.6105006105006,79.3722943722944,19.3935995,0.0113258,19.4049285
bankreshape,EVO,16,ok,,0.254032783326096,19.7216206841952,1.00195307684404,76.1311594202898,0.535617081308614,74.3849483849484,80.0551948051948,28.5936829,0.0118096,28.6054957
bankreshape,EVO,17,ok,,0.237451150673035,14.9788822178363,1.00704034472918,79.1702898550725,0.586862698890032,76.5633255633256,82.512654012654,29.9075816,0.0129168,29.9205009
bankreshape,EVO,18,ok,,0.245310464611377,17.6112464304054,1,75.7615942028985,0.526663368020635,75.1134421134421,78.8284215784216,14.8343235,0.0118169,14.8461431
bankreshape,EVO,19,ok,,0.233203068461427,19.1242031421576,1,72.8673913043478,0.461958915681789,70.7039904539905,76.0740093240093,15.7659373,0.0136476,15.7795882
bankreshape,EVO,20,ok,,0.229808944854538,8.24908616199121,1,77.1731884057971,0.545258488579703,74.4153069153069,80.3111888111888,14.8137015,0.0144424,14.8281473
bankreshape,EVO,21,ok,,0.25,19.917420441445,1.03945785892344,77.9746376811594,0.56424949129423,76.481795981796,80.3716283716284,15.6408447,0.0104543,15.6513023
bankreshape,EVO,22,ok,,0.249348675640469,20,1,77.0384057971014,0.544108721289205,73.9731934731935,80.520979020979,14.557476,0.0120858,14.5695656
bankreshape,EVO,23,ok,,0.229302359241569,19.9721225968482,1.16357730257458,75.6449275362319,0.519246633749831,72.477355977356,79.8513708513708,26.4429276,0.0108836,26.4538157
bankreshape,EVO,24,ok,,0.242142495295991,16.564857450044,1.00004900604493,77.8927536231884,0.559954260052171,76.6158841158841,79.8362054612055,26.7119091,0.0111525,26.7230646
bankreshape,EVO,25,ok,,0.249525980605008,10.3784150503332,20,68.6949275362319,0.383431483776099,67.1616716616717,71.9906270200388,13.0453567,0.0094609,13.0548207
bankreshape,EVO,26,ok,,0.220961788970907,5.58412225418658,1.14942842839896,74.5594202898551,0.499361400900097,72.3140193140193,78.3766168472051,25.4594038,0.0095616,25.4689678
bankreshape,EVO,27,ok,,0.233639093935446,17.9755353888213,1.00039389046193,76.277536231884,0.533248099260114,76.2509573759574,78.4040518305224,25.6014337,0.0102439,25.6116815
bankreshape,EVO,28,ok,,0.233284484006368,14.6322132916777,1,74.5065217391304,0.498607293658642,71.7747668997669,78.8286713286713,13.9412246,0.01091,13.9521373
bankreshape,EVO,29,ok,,0.245880373425966,2.89373021694235,1.02452646479861,73.7463768115942,0.478936163371775,70.6425241425241,77.3782883782884,13.8853475,0.0111601,13.8965114
bankreshape,EVO,30,ok,,0.245795339412361,17.5291293986632,1,77.5275362318841,0.562250669097089,76.1262626262626,81.3884285648992,13.6119333,0.0111122,13.6230491
bankreshape,PO,1,ok,,0.241572586481401,20,1,78.3289855072464,0.572838694865027,77.1441107911696,80.6793206793207,387.487444,0.0105393,387.4979867
bankreshape,PO,2,ok,,0.225649515125199,5.44216619922204,1,76.5898550724638,0.541350420676037,74.3178488178488,80.4584304584304,381.407888,0.0108765,381.4187685
bankreshape,PO,3,ok,,0.225047040092633,11.5297075031144,1.00823587690587,73.2384057971014,0.469194984361019,70.6715506715507,76.5974580974581,381.0798371,0.0102726,381.0901127
bankreshape,PO,4,ok,,0.237639311043566,17.1243070939211,1.05598211629682,76.7565217391304,0.546998443465337,76.8400210900211,79.0565545565546,374.5976367,0.011184,374.6088266
bankreshape,PO,5,ok,,0.237720726588508,20,1,74.6246376811594,0.494052374083224,72.9660894660895,76.8608058608059,376.1971046,0.0099129,376.2070203
bankreshape,PO,6,ok,,0.250341945288754,5.19684372551613,1.10184389082599,75.0536231884058,0.507676288825089,72.7548562548563,78.7514707514707,375.9058289,0.0107532,375.916585
bankreshape,PO,7,ok,,0.232848458532349,9.46201722393785,1,76.5811594202899,0.533498962098258,74.6340326340326,78.8524808524809,374.4802086,0.0109814,374.4911929
bankreshape,PO,8,ok,,0.220607179041829,18.2158094201085,1.09779003704539,75.8036231884058,0.524809350495665,73.7613636363636,79.3601953601953,375.4401531,0.0118791,375.4520355
bankreshape,PO,9,ok,,0.216666666666667,20,1.06060834513527,74.9978260869565,0.510929370928563,72.5459671047906,79.3039183039183,376.7870499,0.011333,376.7983858
bankreshape,PO,10,ok,,0.221171660153423,20,1,76.0079710144928,0.526092039439461,74.2716499187087,78.7377622377622,428.3469502,0.0114094,428.3583635
bankreshape,PO,11,ok,,0.25012483716891,20,1,77.0746376811594,0.551720627654519,74.3924825174825,81.4335664335664,408.271175,0.0115293,408.282712
bankreshape,PO,12,ok,,0.236718410768563,11.8841049723562,1,77.8746376811594,0.565760244650402,75.6958874458875,81.3489010989011,408.2051032,0.0124964,408.2176032
bankreshape,PO,13,ok,,0.228898899985526,20,1,75.8231884057971,0.524360494253925,73.8611388611389,79.1519591519591,413.6686087,0.0136334,413.6822456
bankreshape,PO,14,ok,,0.220833333333333,18.8814377214998,1,77.8507246376812,0.568145873828639,75.777972027972,82.0887445887446,406.2285431,0.0127622,406.241308
bankreshape,PO,15,ok,,0.203596757852077,18.6496239085799,1.41340068577354,75.7978260869565,0.52443409049226,74.1159951159951,79.1500721500721,406.7407338,0.013558,406.7542946
bankreshape,PO,16,ok,,0.254032783326096,20,1,76.1311594202898,0.535617081308614,74.3849483849484,80.0551948051948,411.5365834,0.0282207,411.5648072
bankreshape,PO,17,ok,,0.237451150673035,15.0906127675871,1.01095646277695,79.1702898550725,0.586862698890032,76.5633255633256,82.512654012654,409.6380309,0.0138688,409.6519032
bankreshape,PO,18,ok,,0.245310464611377,17.2817179144961,1,75.7615942028985,0.526663368020635,75.1134421134421,78.8284215784216,403.6374634,0.0125332,403.6500047
bankreshape,PO,19,ok,,0.233203068461427,19.479148534177,1,72.8673913043478,0.461958915681789,70.7039904539905,76.0740093240093,388.138033,0.0116264,388.1496622
bankreshape,PO,20,ok,,0.229808944854538,8.24220437565989,1,77.1731884057971,0.545258488579703,74.4153069153069,80.3111888111888,386.7730151,0.0113483,386.7843664
bankreshape,PO,21,ok,,0.25,20,1,77.5398550724638,0.554653524312332,76.2894882894883,79.5534465534466,381.9488473,0.0107744,381.9596244
bankreshape,PO,22,ok,,0.249348675640469,18.0566162003217,1,76.6217391304348,0.536878486790147,73.478687978688,80.3391608391608,386.8820124,0.010686,386.8927011
bankreshape,PO,23,ok,,0.229302359241569,20,1.1819787362904,75.6449275362319,0.519246633749831,72.477355977356,79.8513708513708,384.6235481,0.0105835,384.6341346
bankreshape,PO,24,ok,,0.242142495295991,16.4319758891154,1,77.8927536231884,0.559954260052171,76.6158841158841,79.8362054612055,387.2433494,0.022404,387.2657562
bankreshape,PO,25,ok,,0.249525980605008,9.64108208916754,20,69.1115942028986,0.390840585317705,67.6012321012321,72.2633542927661,373.3184786,0.0112016,373.3296861
bankreshape,PO,26,ok,,0.224954769141699,12.1583131699406,1.48874526290808,74.5594202898551,0.498947485113764,72.0530303030303,78.454156954157,384.9798568,0.0102027,384.9900624
bankreshape,PO,27,ok,,0.233639093935446,18.1245744585055,1,76.277536231884,0.533248099260114,76.2509573759574,78.4040518305224,387.1152824,0.021593,387.1368785
bankreshape,PO,28,ok,,0.229202851353307,16.0321167063381,1,74.5065217391304,0.498607293658642,71.7747668997669,78.8286713286713,386.2062902,0.0114462,386.2177493
bankreshape,PO,29,ok,,0.245880373425966,2.87581820141378,1,73.7463768115942,0.478936163371775,70.6425241425241,77.3782883782884,388.8307452,0.0113906,388.8421384
bankreshape,PO,30,ok,,0.241628672745694,18.5036229032488,1,77.5275362318841,0.562250669097089,76.1262626262626,81.3884285648992,386.8890593,0.0101827,386.899245
bankreshape,NRBO,1,ok,,0.241572586481401,20,1,78.3289855072464,0.572838694865027,77.1441107911696,80.6793206793207,13.712343,0.0110181,13.7233642
bankreshape,NRBO,2,ok,,0.225649515125199,5.24135913611528,1,76.5898550724638,0.541350420676037,74.3178488178488,80.4584304584304,13.2447061,0.0115435,13.2562528
bankreshape,NRBO,3,ok,,0.225047040092633,13.7650229178858,1,73.2384057971015,0.468650071997334,70.8544094794095,76.5353812853813,13.0798473,0.0127341,13.0925842
bankreshape,NRBO,4,ok,,0.237639311043566,17.054019682502,1.05478236969458,76.7565217391304,0.546998443465337,76.8400210900211,79.0565545565546,13.2125986,0.0123263,13.2249274
bankreshape,NRBO,5,ok,,0.237720726588508,19.2834647082422,1,74.6246376811594,0.494531993168792,72.6630591630592,77.1172161172161,13.2863301,0.0119015,13.2982355
bankreshape,NRBO,6,ok,,0.250341945288754,4.66282296028518,1.01923342571293,75.4702898550725,0.516656697568958,73.6437451437452,78.8943278943279,13.1396304,0.0110794,13.1507129
bankreshape,NRBO,7,ok,,0.232848458532349,9.52402318711181,1,76.5811594202899,0.533498962098258,74.6340326340326,78.8524808524809,13.3248721,0.0127416,13.3376182
bankreshape,NRBO,8,ok,,0.220607179041829,16.9724069086312,1.13049163897431,75.8036231884058,0.524809350495665,73.7613636363636,79.3601953601953,13.197777,0.0225747,13.220355
bankreshape,NRBO,9,ok,,0.216666666666667,19.7634895502321,1.05983712789743,74.9978260869565,0.510929370928563,72.5459671047906,79.3039183039183,13.1901563,0.0113482,13.2015076
bankreshape,NRBO,10,ok,,0.221171660153423,20,1,76.0079710144928,0.526092039439461,74.2716499187087,78.7377622377622,13.3612149,0.0223626,13.3835807
bankreshape,NRBO,11,ok,,0.25012483716891,20,1,77.0746376811594,0.551720627654519,74.3924825174825,81.4335664335664,13.3266428,0.0108527,13.3374985
bankreshape,NRBO,12,ok,,0.236633376754957,16.9412938672389,1.53237503907268,77.4579710144928,0.559190887759105,75.6807212395448,80.9095904095904,13.1561857,0.0105253,13.166715
bankreshape,NRBO,13,ok,,0.228898899985526,20,1,75.8231884057971,0.524360494253925,73.8611388611389,79.1519591519591,13.2255241,0.0215604,13.2470871
bankreshape,NRBO,14,ok,,0.220833333333333,20,1,78.7021739130435,0.582828480458498,76.9078421578422,82.2810522810523,13.1952401,0.011328,13.2065711
bankreshape,NRBO,15,ok,,0.203596757852077,20,1.45160934837668,75.7978260869565,0.52443409049226,74.1159951159951,79.1500721500721,13.0377653,0.0120487,13.0498171
bankreshape,NRBO,16,ok,,0.254032783326096,20,1,76.1311594202898,0.535617081308614,74.3849483849484,80.0551948051948,13.2197348,0.0216479,13.2413864
bankreshape,NRBO,17,ok,,0.237451150673035,16.0770556292178,1.07270591090315,79.1702898550725,0.586862698890032,76.5633255633256,82.512654012654,13.2152178,0.0110047,13.2262254
bankreshape,NRBO,18,ok,,0.245310464611377,20,1.08901449165724,75.7615942028985,0.526663368020635,75.1134421134421,78.8284215784216,13.2350858,0.0101911,13.2452799
bankreshape,NRBO,19,ok,,0.233203068461427,18.7607659513535,1,72.8673913043478,0.461958915681789,70.7039904539905,76.0740093240093,13.3378497,0.0115488,13.3494018
bankreshape,NRBO,20,ok,,0.229808944854538,8.35302452597737,1,77.1731884057971,0.545258488579703,74.4153069153069,80.3111888111888,13.2299411,0.0107811,13.240725
bankreshape,NRBO,21,ok,,0.25,20,1,77.5398550724638,0.554653524312332,76.2894882894883,79.5534465534466,13.3079521,0.0121737,13.3201286
bankreshape,NRBO,22,ok,,0.249348675640469,19.0161179847821,1,76.6217391304348,0.536878486790147,73.478687978688,80.3391608391608,13.1641213,0.0113542,13.1754781
bankreshape,NRBO,23,ok,,0.229302359241569,19.8215426853274,1.14637872112137,75.6449275362319,0.519246633749831,72.477355977356,79.8513708513708,13.2026692,0.0111695,13.2138418
bankreshape,NRBO,24,ok,,0.242142495295991,20,1,77.8927536231884,0.559954260052171,76.6158841158841,79.8362054612055,13.2334056,0.0110538,13.2444622
bankreshape,NRBO,25,ok,,0.249614633087277,15.9737557545431,2.85636931413915,71.5797101449275,0.439704730571636,69.7420634920635,74.9244023949906,12.9020019,0.0098621,12.9118673
bankreshape,NRBO,26,ok,,0.224869735128094,10.9668633476555,1.50974273143883,74.1427536231884,0.491177225694454,71.8744588744589,78.0129804835687,13.0192787,0.0112033,13.0304845
bankreshape,NRBO,27,ok,,0.233639093935446,18.4274371722043,1,76.277536231884,0.533248099260114,76.2509573759574,78.4040518305224,13.4101384,0.0220305,13.4321713
bankreshape,NRBO,28,ok,,0.229202851353307,16.0545284555273,1,74.5065217391304,0.498607293658642,71.7747668997669,78.8286713286713,13.1353476,0.0104747,13.1458255
bankreshape,NRBO,29,ok,,0.245880373425966,2.9939043407878,1.03751884403785,73.7463768115942,0.478936163371775,70.6425241425241,77.3782883782884,13.2419707,0.0116837,13.2536573
bankreshape,NRBO,30,ok,,0.241628672745694,20,1,77.1108695652174,0.553013818548492,75.8698523698524,80.706610383081,13.1609786,0.0114715,13.172453
bankreshape,CPO,1,ok,,0.245565566652193,18.6371715478285,1.51731260743116,75.8108695652174,0.522697053693046,73.6895653366242,78.9235764235764,0.8725887,0.0106929,0.8832845
bankreshape,CPO,2,ok,,0.246316398899986,18.857711761524,2.16020991569419,74.4869565217391,0.503785550044257,71.8154761904762,79.4285714285714,0.692421,0.0108858,0.7033097
bankreshape,CPO,3,ok,,0.229128672745694,14.526091732821,1.61047891047934,72.8565217391304,0.463458616910815,70.9093129093129,75.8531468531469,0.6733051,0.0104655,0.6837734
bankreshape,CPO,4,ok,,0.246149949341439,17.6900951258861,1.19495420171649,76.7565217391304,0.546998443465337,76.8400210900211,79.0565545565546,0.659888,0.0121127,0.6720031
bankreshape,CPO,5,ok,,0.279132291214358,19.8191318989838,2.34254610419158,73.3746376811594,0.471144782690064,70.8310023310023,76.6591741591742,0.7406385,0.0103649,0.7510072
bankreshape,CPO,6,ok,,0.254423577941815,5.66314123674414,1.0419936307228,75.8869565217391,0.523769565166411,74.0723165723166,79.1165501165501,0.6723203,0.0113128,0.6836364
bankreshape,CPO,7,ok,,0.245267042987408,14.9683940193994,1.0397635129918,76.5630434782609,0.531891597078123,74.7983682983683,78.5710955710956,0.6676238,0.0231206,0.6907478
bankreshape,CPO,8,ok,,0.224947532204371,13.9031582907054,1.13411001311276,76.2202898550725,0.535408493222351,74.0113636363636,80.3324175824176,0.7533875,0.0125822,0.7659726
bankreshape,CPO,9,ok,,0.241666666666667,15.4606361475068,1.70857813015339,74.5978260869565,0.506290212044604,72.3318935965995,79.5532180238063,0.6785489,0.0120466,0.6905989
bankreshape,CPO,10,ok,,0.233590244608482,19.7469132560226,1.29964407413445,75.6079710144928,0.519120185098812,73.8700515171103,78.5164835164835,0.693383,0.0113781,0.7047652
bankreshape,CPO,11,ok,,0.258458170502244,15.5960596507531,1.17669622304143,75.4427536231884,0.516686487395013,72.9025974025974,79.2557997557998,0.6885716,0.010651,0.6992251
bankreshape,CPO,12,ok,,0.240973729917499,16.5572307263184,1.24305164892762,77.0413043478261,0.550807860368629,75.0140692640693,80.6492673992674,0.6940145,0.0115546,0.7055718
bankreshape,CPO,13,ok,,0.237235851787523,19.6559962364171,1.06571458353939,76.2398550724638,0.532964683051293,74.1944721944722,79.6281496281496,0.7077235,0.0113692,0.7190958
bankreshape,CPO,14,ok,,0.25,17.5133908856038,1.5545712379939,76.9992753623188,0.542536466316587,75.008658008658,79.5168165168165,0.6792166,0.0233164,0.7025358
bankreshape,CPO,15,ok,,0.212015125199016,4.48653881186286,1.02855116366566,74.9463768115942,0.505273012603001,73.1025641025641,78.0036075036075,0.6577009,0.0104546,0.6681581
bankreshape,CPO,16,ok,,0.266795122304241,8.01382305895006,1.38981502948226,73.1934782608696,0.482989678859964,71.1388888888889,78.4695712783948,0.6600184,0.0096811,0.6697036
bankreshape,CPO,17,ok,,0.245699449992763,14.4996086626314,1.10475625837937,78.3536231884058,0.57050467739568,75.9543512043512,81.532856032856,0.6623201,0.0115147,0.6738379
bankreshape,CPO,18,ok,,0.258335142567665,11.7173406127629,1.39714288870944,74.0586956521739,0.491974531624513,72.1537629037629,78.035298035298,0.6560757,0.0107443,0.6674482
bankreshape,CPO,19,ok,,0.245359313938341,13.0777093102479,2.14373706317861,72.4550724637681,0.461765174187109,69.2129120879121,77.9065656565656,0.6806289,0.0106928,0.6913243
bankreshape,CPO,20,ok,,0.246305543493993,12.3980253979397,1.32935395200937,75.5050724637681,0.512795002091805,72.7639027639028,78.902972027972,0.6531125,0.010756,0.6638718
bankreshape,CPO,21,ok,,0.258333333333333,19.2462518650561,1.39123053508292,76.2898550724638,0.530415333145525,75.3115773115773,78.2101232101232,0.6768573,0.0113937,0.6882541
bankreshape,CPO,22,ok,,0.274958387610363,1.17628747785836,12.8829522984172,72.8731884057971,0.458587844791913,70.494560994561,75.5809190809191,0.6711978,0.0109017,0.6821027
bankreshape,CPO,23,ok,,0.237724345057172,17.1009774692993,1.17990666094845,75.6449275362319,0.519246633749831,72.477355977356,79.8513708513708,0.6583233,0.010982,0.6693081
bankreshape,CPO,24,ok,,0.250738167607468,4.15489227055212,1.30579842570092,74.9913043478261,0.500622299924861,71.8258408258408,78.2700632700633,0.6525725,0.0103919,0.6629671
bankreshape,CPO,25,ok,,0.253607613258069,8.76510757904535,14.0663210620193,69.5282608695652,0.401001058403753,67.8393273393274,73.152243181655,0.6573036,0.0097915,0.6670975
bankreshape,CPO,26,ok,,0.229121435808366,18.744165877286,1.82928073465366,73.7260869565217,0.48326865497753,71.6363636363636,77.6208236208236,0.6871094,0.0216965,0.7088131
bankreshape,CPO,27,ok,,0.237805760602113,19.947331837024,1.07076593889621,76.277536231884,0.533248099260114,76.2509573759574,78.4040518305224,0.6742767,0.0119682,0.6862475
bankreshape,CPO,28,ok,,0.254295122304241,12.4148664817856,1.75893766717508,73.2746376811594,0.473795742958168,69.856351981352,78.3629703629704,0.6616326,0.0106532,0.6722886
bankreshape,CPO,29,ok,,0.250047040092633,5.33553133419124,1.03433705071805,75.8144927536232,0.523323372546149,73.4871794871795,79.3063048063048,0.6808372,0.0106285,0.6914689
bankreshape,CPO,30,ok,,0.254210088290635,14.3000835814966,2.36233913886211,74.6442028985507,0.50351401312014,73.3520923520924,78.1373463138169,0.6747585,0.0101813,0.6849428
bankreshape,SWO,1,ok,,0.245565566652193,18.6371715478285,1.51731260743116,75.8108695652174,0.522697053693046,73.6895653366242,78.9235764235764,0.8361299,0.0102509,0.846384
bankreshape,SWO,2,ok,,0.246316398899986,14.6493040524036,1.97717003200846,74.0869565217391,0.496527361704509,71.7043650793651,78.9285714285714,0.6777469,0.0105678,0.6883174
bankreshape,SWO,3,ok,,0.229128672745694,14.526091732821,1.61047891047934,72.8565217391304,0.463458616910815,70.9093129093129,75.8531468531469,0.6656884,0.0106778,0.6763688
bankreshape,SWO,4,ok,,0.246149949341439,17.6900951258861,1.19495420171649,76.7565217391304,0.546998443465337,76.8400210900211,79.0565545565546,0.6665793,0.0109325,0.6775142
bankreshape,SWO,5,ok,,0.283298957881025,11.4196255806562,1.74895984075585,73.7913043478261,0.478983031840059,71.4370629370629,76.8514818514819,0.6702651,0.0114468,0.6817149
bankreshape,SWO,6,ok,,0.250341945288754,8.10973494629208,1.11169466214385,76.7202898550725,0.539578984583586,74.2844377844378,80.2392607392607,0.6856754,0.0108349,0.6965131
bankreshape,SWO,7,ok,,0.245267042987408,14.9683940193994,1.0397635129918,76.5630434782609,0.531891597078123,74.7983682983683,78.5710955710956,0.6620414,0.0108205,0.672865
bankreshape,SWO,8,ok,,0.224947532204371,13.4790493593549,1.13411001311276,76.2202898550725,0.535408493222351,74.0113636363636,80.3324175824176,0.6575816,0.010955,0.6685391
bankreshape,SWO,9,ok,,0.25,16.7851733282547,1.91935300918484,75.4492753623188,0.518938664254558,73.5804612054612,79.2754402460285,0.6511646,0.010547,0.6617144
bankreshape,SWO,10,ok,,0.225426979302359,19.5017605649917,1.01992196974112,76.0079710144928,0.526092039439461,74.2716499187087,78.7377622377622,0.6544851,0.0105512,0.6650399
bankreshape,SWO,11,ok,,0.26262483716891,12.572497466488,1.17669622304143,75.4427536231884,0.516686487395013,72.9025974025974,79.2557997557998,0.667413,0.0103988,0.6778147
bankreshape,SWO,12,ok,,0.240800043421624,17.5076999989622,1.22047996613045,77.4579710144928,0.557863618917332,75.0140692640693,81.220695970696,0.6539861,0.0115423,0.6655313
bankreshape,SWO,13,ok,,0.253558763931104,7.06194253725576,1.30770217784547,73.3898550724638,0.476361364501253,70.5144855144855,77.5518925518925,0.6948349,0.0135932,0.7084319
bankreshape,SWO,14,ok,,0.220833333333333,17.707589191492,1.03025382820685,77.4340579710145,0.559200906195417,75.4749417249417,81.5118215118215,0.6423929,0.011063,0.6534585
bankreshape,SWO,15,ok,,0.207763424518744,6.11723663720791,1.05919910680763,74.5297101449275,0.496969575848652,72.3752913752914,77.8387723387723,0.6678219,0.0121063,0.6799314
bankreshape,SWO,16,ok,,0.266621435808366,18.0106468956907,1.9333965291317,73.6101449275362,0.489079067112907,72.0654623154623,78.1315759403995,0.6708617,0.0111586,0.682024
bankreshape,SWO,17,ok,,0.24986611665943,10.7136243070335,1.40780918461839,75.4173913043478,0.510390838410713,72.447718947719,78.7993672993673,0.6496745,0.0116964,0.6613741
bankreshape,SWO,18,ok,,0.262416775220727,11.7337577847657,1.25740140710087,74.0586956521739,0.491974531624513,72.1537629037629,78.035298035298,0.6621341,0.0109741,0.6731115
bankreshape,SWO,19,ok,,0.257596974960197,11.1896554183073,9.32669915469386,71.2565217391304,0.436749318281081,68.2916666666667,76.486568986569,0.6657033,0.0098568,0.6755628
bankreshape,SWO,20,ok,,0.250302142133449,11.5568581638745,1.89188725488472,74.6173913043478,0.497646499570145,71.511655011655,78.8039044289044,0.6509219,0.0111262,0.6620512
bankreshape,SWO,21,ok,,0.258333333333333,19.2462518650561,1.39123053508292,76.2898550724638,0.530415333145525,75.3115773115773,78.2101232101232,0.6674395,0.0103826,0.6778248
bankreshape,SWO,22,ok,,0.274958387610363,1.57601473422778,15.9961899506995,72.8731884057971,0.458587844791913,70.494560994561,75.5809190809191,0.6486556,0.0105519,0.6592104
bankreshape,SWO,23,ok,,0.237809379070777,11.5384864998845,1.39193150278643,75.6615942028986,0.521667380738807,72.551282051282,80.1890331890332,0.6699976,0.0107507,0.6807509
bankreshape,SWO,24,ok,,0.254904834274135,14.8113355519401,1.94493783966951,76.2413043478261,0.526870130219702,73.0985680985681,79.6620046620047,0.6520522,0.0109547,0.6630097
bankreshape,SWO,25,ok,,0.253607613258069,10.6957851375204,17.4587330103657,68.6949275362319,0.383431483776099,67.1616716616717,71.9906270200388,0.6555513,0.0101969,0.6657508
bankreshape,SWO,26,ok,,0.225128455637574,4.40308126809074,1.00631661647862,74.5594202898551,0.498947485113764,72.0530303030303,78.454156954157,0.6555,0.0111317,0.6666349
bankreshape,SWO,27,ok,,0.237805760602113,19.947331837024,1.07076593889621,76.277536231884,0.533248099260114,76.2509573759574,78.4040518305224,0.6519609,0.0110285,0.6629921
bankreshape,SWO,28,ok,,0.254295122304241,12.4148664817856,1.75893766717508,73.2746376811594,0.473795742958168,69.856351981352,78.3629703629704,0.6714122,0.0215467,0.6929622
bankreshape,SWO,29,ok,,0.250047040092633,5.33553133419124,1.03433705071805,75.8144927536232,0.523323372546149,73.4871794871795,79.3063048063048,0.6550713,0.0214402,0.6765143
bankreshape,SWO,30,ok,,0.250132074106238,14.3000835814966,1.27237938600276,76.3123188405797,0.539956639748526,74.5708180708181,80.8055669820376,0.68593,0.0109526,0.6968856
bankreshape,MSDBO,1,ok,,0.196604067158778,7.03519255151468,0.0279832104979261,81.6427536231884,0.637807236711542,80.0505050505051,84.1958041958042,12.81291,0.0114648,12.8243783
bankreshape,MSDBO,2,ok,,0.204816181791866,3.14837390963219,0.0548817551329914,80.8289855072464,0.632784809528455,76.3658424908425,87.6536796536796,13.6688358,0.0111887,13.6800277
bankreshape,MSDBO,3,ok,,0.171043204515849,4.06716904816581,0.0421965778113468,82.4594202898551,0.656843327527766,81.426873779815,84.8760683760684,12.282343,0.0115827,12.2939288
bankreshape,MSDBO,4,ok,,0.199869735128094,7.62020520111963,0.0334181282091483,80.1413043478261,0.611306531558536,78.9350649350649,83.0619772384478,12.4977802,0.0108846,12.5086682
bankreshape,MSDBO,5,ok,,0.175284049790129,11.5525466356013,0.0412302976499529,81.2427536231884,0.628899728350304,80.5281662781663,83.1611721611722,12.5612013,0.0139054,12.5751107
bankreshape,MSDBO,6,ok,,0.166029816181792,2.97299660940746,0.0617546229093524,82.5413043478261,0.659296710785675,79.7226107226107,86.5939615939616,12.1258205,0.0111733,12.1369965
bankreshape,MSDBO,7,ok,,0.178933275437835,1.22474262803927,0.013209384216039,81.1159420289855,0.6295080029343,78.2440892440892,85.0048285048285,12.9357163,0.0117355,12.9474546
bankreshape,MSDBO,8,ok,,0.199249167752207,15.5976702492736,0.0714149300252236,81.9840579710145,0.648014201046359,79.7196137196137,85.7135642135642,12.2225298,0.0124504,12.2349833
bankreshape,MSDBO,9,ok,,0.175,15.0778986051778,0.0846483674702474,84.9702898550725,0.706755627373525,84.9809634809635,86.4588328338328,12.2516353,0.0108558,12.2624939
bankreshape,MSDBO,10,ok,,0.163075336517586,10.4450717521024,0.0549620276303214,83.8246376811594,0.688382320239938,81.6029526029526,88.2405372405372,12.1473029,0.0122115,12.1595172
bankreshape,MSDBO,11,ok,,0.178851859892893,7.35528231829396,0.0515677413107074,81.6275362318841,0.643398877841348,79.0164141414141,86.2252747252747,12.1436529,0.0107838,12.1544395
bankreshape,MSDBO,12,ok,,0.187217759444203,5.73559328959873,0.0327553872272998,82.0231884057971,0.651543856443607,80.6560106560107,85.4574249280132,12.2987801,0.0110501,12.3098329
bankreshape,MSDBO,13,ok,,0.158306194818353,2.15998784319126,0.0510986602877576,82.0731884057971,0.644195892455017,78.8589743589744,85.6731601731602,13.7031399,0.0138345,13.7169774
bankreshape,MSDBO,14,ok,,0.166666666666667,4.70027793759471,0.0432421748110359,83.7021739130435,0.684106095764991,82.2395104895105,86.9977938727939,12.4426543,0.0121775,12.4548352
bankreshape,MSDBO,15,ok,,0.170256187581416,2.38080379725859,0.0536786272655108,82.4717391304348,0.657718502017911,81.0058275058275,85.4649933399933,12.1717814,0.0116836,12.1834679
bankreshape,MSDBO,16,ok,,0.196301925025329,4.29633230711891,0.0753460953367211,83.2036231884058,0.676503107472076,82.1705516705517,86.5531135531135,12.199869,0.0104685,12.21034
bankreshape,MSDBO,17,ok,,0.166436893906499,8.43411822243564,0.0279037526043445,83.7384057971014,0.680447824155799,83.4918831168831,85.4704323454323,12.4747247,0.0115566,12.4862843
bankreshape,MSDBO,18,ok,,0.191129324070054,14.7298751330042,0.168428712727385,82.8188405797101,0.666118231521776,82.025419025419,85.4510881275587,12.0992332,0.01105,12.1102862
bankreshape,MSDBO,19,ok,,0.171039586047185,5.30839630808973,0.0600424302057775,79.1217391304348,0.590525964943318,76.1926406926407,83.0815850815851,12.7004272,0.0110723,12.7115021
bankreshape,MSDBO,20,ok,,0.187798523664785,9.79767907150868,0.0502848238394847,82.9731884057971,0.666304538026457,79.4895104895105,87.4263236763237,12.3561168,0.0124974,12.3686174
bankreshape,MSDBO,21,ok,,0.204166666666667,1.11509925789244,0.0697074301285407,81.7289855072464,0.645202417271411,81.020646020646,84.152195027195,13.2048874,0.011497,13.2163871
bankreshape,MSDBO,22,ok,,0.183192213055435,2.38859358587521,0.0494756977031848,83.3260869565217,0.674574811727307,81.9638694638695,86.0497835497836,12.5096122,0.0114781,12.5210933
bankreshape,MSDBO,23,ok,,0.154291503835577,14.121800838593,0.0503429849979967,84.8536231884058,0.70569048232664,83.6691086691087,87.8827838827839,12.1550725,0.0110803,12.1661557
bankreshape,MSDBO,24,ok,,0.166429656969171,8.39146954184075,0.0763471136569894,83.3623188405797,0.675071068918646,80.956487956488,87.042735042735,12.1432782,0.0124611,12.1557428
bankreshape,MSDBO,25,ok,,0.199947532204371,14.5622967216448,0.027996377132271,78.3065217391304,0.575060902131003,77.0403615991851,81.39942002442,12.823585,0.0113681,12.8349559
bankreshape,MSDBO,26,ok,,0.175284049790129,3.443477879434,0.0705562240546682,81.6442028985507,0.642456169939723,80.0589410589411,84.9373959373959,12.4543103,0.0117517,12.4660652
bankreshape,MSDBO,27,ok,,0.150032566217977,4.71991387447621,0.0912266826311014,80.8623188405797,0.6203488204303,79.7820512820513,82.6909756909757,12.2760702,0.0112371,12.2873101
bankreshape,MSDBO,28,ok,,0.175372702272398,5.42824551964377,0.0731861478114661,84.163768115942,0.696432680545045,80.0373376623377,90.2380952380952,12.2178891,0.0119263,12.2298185
bankreshape,MSDBO,29,ok,,0.178763207410624,16.7094837405237,0.0343070977119875,81.6536231884058,0.635166775978379,80.006993006993,83.6793206793207,12.4002696,0.0101828,12.4104549
bankreshape,MSDBO,30,ok,,0.170603560573166,3.80040908133295,0.0248716931965746,82.9971014492754,0.670528100884265,83.0192307692308,85.1417748917749,12.7547216,0.0125629,12.7672875
