"Algorithm","Run","Seed"
"QHDBO","1","20260530"
"QHDBO","2","20260531"
"QHDBO","3","20260532"
"QHDBO","4","20260533"
"QHDBO","5","20260534"
"QHDBO","6","20260535"
"QHDBO","7","20260536"
"QHDBO","8","20260537"
"QHDBO","9","20260538"
"QHDBO","10","20260539"
"QHDBO","11","20260540"
"QHDBO","12","20260541"
"QHDBO","13","20260542"
"QHDBO","14","20260543"
"QHDBO","15","20260544"
"QHDBO","16","20260545"
"QHDBO","17","20260546"
"QHDBO","18","20260547"
"QHDBO","19","20260548"
"QHDBO","20","20260549"
"QHDBO","21","20260550"
"QHDBO","22","20260551"
"QHDBO","23","20260552"
"QHDBO","24","20260553"
"QHDBO","25","20260554"
"QHDBO","26","20260555"
"QHDBO","27","20260556"
"QHDBO","28","20260557"
"QHDBO","29","20260558"
"QHDBO","30","20260559"
"IDBO","1","20260530"
"IDBO","2","20260531"
"IDBO","3","20260532"
"IDBO","4","20260533"
"IDBO","5","20260534"
"IDBO","6","20260535"
"IDBO","7","20260536"
"IDBO","8","20260537"
"IDBO","9","20260538"
"IDBO","10","20260539"
"IDBO","11","20260540"
"IDBO","12","20260541"
"IDBO","13","20260542"
"IDBO","14","20260543"
"IDBO","15","20260544"
"IDBO","16","20260545"
"IDBO","17","20260546"
"IDBO","18","20260547"
"IDBO","19","20260548"
"IDBO","20","20260549"
"IDBO","21","20260550"
"IDBO","22","20260551"
"IDBO","23","20260552"
"IDBO","24","20260553"
"IDBO","25","20260554"
"IDBO","26","20260555"
"IDBO","27","20260556"
"IDBO","28","20260557"
"IDBO","29","20260558"
"IDBO","30","20260559"
"DBO","1","20260530"
"DBO","2","20260531"
"DBO","3","20260532"
"DBO","4","20260533"
"DBO","5","20260534"
"DBO","6","20260535"
"DBO","7","20260536"
"DBO","8","20260537"
"DBO","9","20260538"
"DBO","10","20260539"
"DBO","11","20260540"
"DBO","12","20260541"
"DBO","13","20260542"
"DBO","14","20260543"
"DBO","15","20260544"
"DBO","16","20260545"
"DBO","17","20260546"
"DBO","18","20260547"
"DBO","19","20260548"
"DBO","20","20260549"
"DBO","21","20260550"
"DBO","22","20260551"
"DBO","23","20260552"
"DBO","24","20260553"
"DBO","25","20260554"
"DBO","26","20260555"
"DBO","27","20260556"
"DBO","28","20260557"
"DBO","29","20260558"
"DBO","30","20260559"
"WOA","1","20260530"
"WOA","2","20260531"
"WOA","3","20260532"
"WOA","4","20260533"
"WOA","5","20260534"
"WOA","6","20260535"
"WOA","7","20260536"
"WOA","8","20260537"
"WOA","9","20260538"
"WOA","10","20260539"
"WOA","11","20260540"
"WOA","12","20260541"
"WOA","13","20260542"
"WOA","14","20260543"
"WOA","15","20260544"
"WOA","16","20260545"
"WOA","17","20260546"
"WOA","18","20260547"
"WOA","19","20260548"
"WOA","20","20260549"
"WOA","21","20260550"
"WOA","22","20260551"
"WOA","23","20260552"
"WOA","24","20260553"
"WOA","25","20260554"
"WOA","26","20260555"
"WOA","27","20260556"
"WOA","28","20260557"
"WOA","29","20260558"
"WOA","30","20260559"
"GWO","1","20260530"
"GWO","2","20260531"
"GWO","3","20260532"
"GWO","4","20260533"
"GWO","5","20260534"
"GWO","6","20260535"
"GWO","7","20260536"
"GWO","8","20260537"
"GWO","9","20260538"
"GWO","10","20260539"
"GWO","11","20260540"
"GWO","12","20260541"
"GWO","13","20260542"
"GWO","14","20260543"
"GWO","15","20260544"
"GWO","16","20260545"
"GWO","17","20260546"
"GWO","18","20260547"
"GWO","19","20260548"
"GWO","20","20260549"
"GWO","21","20260550"
"GWO","22","20260551"
"GWO","23","20260552"
"GWO","24","20260553"
"GWO","25","20260554"
"GWO","26","20260555"
"GWO","27","20260556"
"GWO","28","20260557"
"GWO","29","20260558"
"GWO","30","20260559"
"HHO","1","20260530"
"HHO","2","20260531"
"HHO","3","20260532"
"HHO","4","20260533"
"HHO","5","20260534"
"HHO","6","20260535"
"HHO","7","20260536"
"HHO","8","20260537"
"HHO","9","20260538"
"HHO","10","20260539"
"HHO","11","20260540"
"HHO","12","20260541"
"HHO","13","20260542"
"HHO","14","20260543"
"HHO","15","20260544"
"HHO","16","20260545"
"HHO","17","20260546"
"HHO","18","20260547"
"HHO","19","20260548"
"HHO","20","20260549"
"HHO","21","20260550"
"HHO","22","20260551"
"HHO","23","20260552"
"HHO","24","20260553"
"HHO","25","20260554"
"HHO","26","20260555"
"HHO","27","20260556"
"HHO","28","20260557"
"HHO","29","20260558"
"HHO","30","20260559"
"EVO","1","20260530"
"EVO","2","20260531"
"EVO","3","20260532"
"EVO","4","20260533"
"EVO","5","20260534"
"EVO","6","20260535"
"EVO","7","20260536"
"EVO","8","20260537"
"EVO","9","20260538"
"EVO","10","20260539"
"EVO","11","20260540"
"EVO","12","20260541"
"EVO","13","20260542"
"EVO","14","20260543"
"EVO","15","20260544"
"EVO","16","20260545"
"EVO","17","20260546"
"EVO","18","20260547"
"EVO","19","20260548"
"EVO","20","20260549"
"EVO","21","20260550"
"EVO","22","20260551"
"EVO","23","20260552"
"EVO","24","20260553"
"EVO","25","20260554"
"EVO","26","20260555"
"EVO","27","20260556"
"EVO","28","20260557"
"EVO","29","20260558"
"EVO","30","20260559"
"PO","1","20260530"
"PO","2","20260531"
"PO","3","20260532"
"PO","4","20260533"
"PO","5","20260534"
"PO","6","20260535"
"PO","7","20260536"
"PO","8","20260537"
"PO","9","20260538"
"PO","10","20260539"
"PO","11","20260540"
"PO","12","20260541"
"PO","13","20260542"
"PO","14","20260543"
"PO","15","20260544"
"PO","16","20260545"
"PO","17","20260546"
"PO","18","20260547"
"PO","19","20260548"
"PO","20","20260549"
"PO","21","20260550"
"PO","22","20260551"
"PO","23","20260552"
"PO","24","20260553"
"PO","25","20260554"
"PO","26","20260555"
"PO","27","20260556"
"PO","28","20260557"
"PO","29","20260558"
"PO","30","20260559"
"NRBO","1","20260530"
"NRBO","2","20260531"
"NRBO","3","20260532"
"NRBO","4","20260533"
"NRBO","5","20260534"
"NRBO","6","20260535"
"NRBO","7","20260536"
"NRBO","8","20260537"
"NRBO","9","20260538"
"NRBO","10","20260539"
"NRBO","11","20260540"
"NRBO","12","20260541"
"NRBO","13","20260542"
"NRBO","14","20260543"
"NRBO","15","20260544"
"NRBO","16","20260545"
"NRBO","17","20260546"
"NRBO","18","20260547"
"NRBO","19","20260548"
"NRBO","20","20260549"
"NRBO","21","20260550"
"NRBO","22","20260551"
"NRBO","23","20260552"
"NRBO","24","20260553"
"NRBO","25","20260554"
"NRBO","26","20260555"
"NRBO","27","20260556"
"NRBO","28","20260557"
"NRBO","29","20260558"
"NRBO","30","20260559"
"CPO","1","20260530"
"CPO","2","20260531"
"CPO","3","20260532"
"CPO","4","20260533"
"CPO","5","20260534"
"CPO","6","20260535"
"CPO","7","20260536"
"CPO","8","20260537"
"CPO","9","20260538"
"CPO","10","20260539"
"CPO","11","20260540"
"CPO","12","20260541"
"CPO","13","20260542"
"CPO","14","20260543"
"CPO","15","20260544"
"CPO","16","20260545"
"CPO","17","20260546"
"CPO","18","20260547"
"CPO","19","20260548"
"CPO","20","20260549"
"CPO","21","20260550"
"CPO","22","20260551"
"CPO","23","20260552"
"CPO","24","20260553"
"CPO","25","20260554"
"CPO","26","20260555"
"CPO","27","20260556"
"CPO","28","20260557"
"CPO","29","20260558"
"CPO","30","20260559"
"SWO","1","20260530"
"SWO","2","20260531"
"SWO","3","20260532"
"SWO","4","20260533"
"SWO","5","20260534"
"SWO","6","20260535"
"SWO","7","20260536"
"SWO","8","20260537"
"SWO","9","20260538"
"SWO","10","20260539"
"SWO","11","20260540"
"SWO","12","20260541"
"SWO","13","20260542"
"SWO","14","20260543"
"SWO","15","20260544"
"SWO","16","20260545"
"SWO","17","20260546"
"SWO","18","20260547"
"SWO","19","20260548"
"SWO","20","20260549"
"SWO","21","20260550"
"SWO","22","20260551"
"SWO","23","20260552"
"SWO","24","20260553"
"SWO","25","20260554"
"SWO","26","20260555"
"SWO","27","20260556"
"SWO","28","20260557"
"SWO","29","20260558"
"SWO","30","20260559"
"MSDBO","1","20260530"
"MSDBO","2","20260531"
"MSDBO","3","20260532"
"MSDBO","4","20260533"
"MSDBO","5","20260534"
"MSDBO","6","20260535"
"MSDBO","7","20260536"
"MSDBO","8","20260537"
"MSDBO","9","20260538"
"MSDBO","10","20260539"
"MSDBO","11","20260540"
"MSDBO","12","20260541"
"MSDBO","13","20260542"
"MSDBO","14","20260543"
"MSDBO","15","20260544"
"MSDBO","16","20260545"
"MSDBO","17","20260546"
"MSDBO","18","20260547"
"MSDBO","19","20260548"
"MSDBO","20","20260549"
"MSDBO","21","20260550"
"MSDBO","22","20260551"
"MSDBO","23","20260552"
"MSDBO","24","20260553"
"MSDBO","25","20260554"
"MSDBO","26","20260555"
"MSDBO","27","20260556"
"MSDBO","28","20260557"
"MSDBO","29","20260558"
"MSDBO","30","20260559"
