Rank,Algorithm,MCC_Mean,MCC_Std,ReferenceRuntimeSeconds
1,MSDBO,0.653366453895047,0.0310727826410295,12.5128471033333
2,IDBO,0.543880537293835,0.0634187248368487,26.70629674
3,NRBO,0.52668904712707,0.034898710908672,13.2366738466667
4,WOA,0.525729398711074,0.036407194680531,14.7291340666667
5,GWO,0.525507630819193,0.0417729759052938,14.1995813433333
6,EVO,0.525169839509766,0.0419962855592812,20.8259434533333
7,PO,0.525059533777392,0.0395992310440637,390.766205353333
8,DBO,0.523756403840582,0.0426005784198471,15.0145536833333
9,HHO,0.518350447286099,0.0396220376912401,33.60566858
10,CPO,0.50732950420618,0.0345959856194361,0.69677872
11,SWO,0.506124666878255,0.0378814710869928,0.68055993
12,QHDBO,0.489405156009712,0.0426185093617012,14.01216562
