"Algorithm","Run","Seed","Status","OptimizationRuntimeSeconds","EvaluationRuntimeSeconds","TotalRuntimeSeconds"
"QHDBO","1","20260530","ok","14.4328471","0.123939","14.5570998"
"QHDBO","2","20260531","ok","13.50036","0.014467","13.514935"
"QHDBO","3","20260532","ok","13.6511261","0.0129351","13.6641379"
"QHDBO","4","20260533","ok","15.1386731","0.0125928","15.1513383"
"QHDBO","5","20260534","ok","14.5763333","0.0170988","14.5938847"
"QHDBO","6","20260535","ok","13.3118635","0.0116123","13.3234791"
"QHDBO","7","20260536","ok","14.7813138","0.0165927","14.7979092"
"QHDBO","8","20260537","ok","17.3011034","0.0184131","17.3195193"
"QHDBO","9","20260538","ok","15.0586922","0.015183","15.0738789"
"QHDBO","10","20260539","ok","14.7577687","0.017602","14.7753745"
"QHDBO","11","20260540","ok","14.3814782","0.0120445","14.3935273"
"QHDBO","12","20260541","ok","13.1043223","0.0109399","13.1152653"
"QHDBO","13","20260542","ok","14.3184455","0.0147658","14.3332153"
"QHDBO","14","20260543","ok","15.0709316","0.0137824","15.084718"
"QHDBO","15","20260544","ok","13.6063307","0.0118236","13.618157"
"QHDBO","16","20260545","ok","13.1202387","0.0110487","13.1312901"
"QHDBO","17","20260546","ok","13.9662339","0.0112593","13.9774966"
"QHDBO","18","20260547","ok","14.5453774","0.0128213","14.5582014"
"QHDBO","19","20260548","ok","15.2159418","0.0121485","15.2280942"
"QHDBO","20","20260549","ok","14.0480878","0.0140789","14.0621704"
"QHDBO","21","20260550","ok","14.6094263","0.0136784","14.6231082"
"QHDBO","22","20260551","ok","14.3245233","0.0115833","14.3361108"
"QHDBO","23","20260552","ok","13.3932135","0.0108843","13.4041011"
"QHDBO","24","20260553","ok","13.2675671","0.0119275","13.2794976"
"QHDBO","25","20260554","ok","12.9068453","0.0128209","12.9196694"
"QHDBO","26","20260555","ok","12.4348975","0.0118123","12.4467122"
"QHDBO","27","20260556","ok","12.6290199","0.0124585","12.6414819"
"QHDBO","28","20260557","ok","12.6452932","0.0118415","12.6571376"
"QHDBO","29","20260558","ok","13.0021868","0.0111083","13.0132984"
"QHDBO","30","20260559","ok","12.7589448","0.0112113","12.7701591"
"IDBO","1","20260530","ok","27.2642403","0.0124249","27.2766684"
"IDBO","2","20260531","ok","27.2404659","0.011081","27.2515512"
"IDBO","3","20260532","ok","26.4376969","0.0117168","26.4494168"
"IDBO","4","20260533","ok","26.9941946","0.0115212","27.0057189"
"IDBO","5","20260534","ok","27.0721342","0.0122151","27.0843523"
"IDBO","6","20260535","ok","26.8252483","0.0111574","26.836409"
"IDBO","7","20260536","ok","26.7551721","0.0118001","26.7669755"
"IDBO","8","20260537","ok","27.1012707","0.0115894","27.1128633"
"IDBO","9","20260538","ok","26.8646025","0.0113748","26.8759802"
"IDBO","10","20260539","ok","26.1556676","0.011723","26.1673934"
"IDBO","11","20260540","ok","27.1834246","0.0110577","27.1944848"
"IDBO","12","20260541","ok","26.7169815","0.0108405","26.727825"
"IDBO","13","20260542","ok","26.2934564","0.010671","26.30413"
"IDBO","14","20260543","ok","26.5097335","0.0128997","26.5226362"
"IDBO","15","20260544","ok","27.9593343","0.0114828","27.9708201"
"IDBO","16","20260545","ok","26.4015322","0.0115705","26.4131053"
"IDBO","17","20260546","ok","26.7886259","0.0112448","26.7998736"
"IDBO","18","20260547","ok","26.246477","0.0105449","26.2570246"
"IDBO","19","20260548","ok","26.2707764","0.0113083","26.2820888"
"IDBO","20","20260549","ok","26.6628351","0.0155464","26.6783851"
"IDBO","21","20260550","ok","26.387332","0.0121596","26.3994947"
"IDBO","22","20260551","ok","26.2265082","0.0108796","26.2373906"
"IDBO","23","20260552","ok","26.5925112","0.0108246","26.603339"
"IDBO","24","20260553","ok","26.374194","0.0111443","26.3853412"
"IDBO","25","20260554","ok","26.2103461","0.0105246","26.2208739"
"IDBO","26","20260555","ok","26.7150185","0.0110839","26.7261049"
"IDBO","27","20260556","ok","26.5314143","0.0216028","26.5530205"
"IDBO","28","20260557","ok","26.3480412","0.011309","26.3593532"
"IDBO","29","20260558","ok","27.1110174","0.0108462","27.1218667"
"IDBO","30","20260559","ok","26.5936284","0.0107826","26.604415"
"DBO","1","20260530","ok","13.3468069","0.0119559","13.3587658"
"DBO","2","20260531","ok","13.2719382","0.0108637","13.2828051"
"DBO","3","20260532","ok","13.181515","0.0101116","13.1916293"
"DBO","4","20260533","ok","13.1209027","0.0108957","13.1318014"
"DBO","5","20260534","ok","13.2622132","0.0115885","13.2738045"
"DBO","6","20260535","ok","13.2091339","0.010579","13.2197155"
"DBO","7","20260536","ok","14.8544143","0.0140997","14.8685186"
"DBO","8","20260537","ok","14.4757694","0.0116813","14.4874539"
"DBO","9","20260538","ok","13.5786188","0.0126732","13.5912954"
"DBO","10","20260539","ok","13.9482968","0.0116622","13.9599619"
"DBO","11","20260540","ok","14.1339122","0.0110709","14.1449864"
"DBO","12","20260541","ok","13.8998734","0.0113727","13.9112492"
"DBO","13","20260542","ok","14.0258733","0.0121568","14.038033"
"DBO","14","20260543","ok","13.8145094","0.011602","13.8261147"
"DBO","15","20260544","ok","13.8484878","0.0118173","13.8603078"
"DBO","16","20260545","ok","13.9901119","0.0131053","14.0032207"
"DBO","17","20260546","ok","13.8323859","0.0114584","13.8438471"
"DBO","18","20260547","ok","14.7513921","0.0200219","14.7714176"
"DBO","19","20260548","ok","22.7623869","0.012967","22.7753586"
"DBO","20","20260549","ok","17.5607258","0.0109454","17.5716746"
"DBO","21","20260550","ok","17.1079157","0.0135626","17.1214815"
"DBO","22","20260551","ok","16.5216836","0.0129481","16.5346347"
"DBO","23","20260552","ok","14.7649855","0.0132568","14.7782463"
"DBO","24","20260553","ok","17.790929","0.0125968","17.8035286"
"DBO","25","20260554","ok","21.0597382","0.0117266","21.0714678"
"DBO","26","20260555","ok","16.8855811","0.0147543","16.9003386"
"DBO","27","20260556","ok","14.1778324","0.0126237","14.1904591"
"DBO","28","20260557","ok","14.0324461","0.0149989","14.0474479"
"DBO","29","20260558","ok","14.2964793","0.013561","14.3100471"
"DBO","30","20260559","ok","14.5530478","0.0139464","14.5669978"
"WOA","1","20260530","ok","15.2783952","0.0152618","15.2936605"
"WOA","2","20260531","ok","15.1523705","0.0113217","15.1636948"
"WOA","3","20260532","ok","13.9309777","0.0120438","13.9430246"
"WOA","4","20260533","ok","14.3093004","0.0120932","14.3213964"
"WOA","5","20260534","ok","14.9249907","0.0122141","14.937208"
"WOA","6","20260535","ok","14.249506","0.0125971","14.2621059"
"WOA","7","20260536","ok","14.697092","0.0107162","14.7078111"
"WOA","8","20260537","ok","14.8552565","0.0138832","14.8691433"
"WOA","9","20260538","ok","16.4854336","0.0111846","16.4966214"
"WOA","10","20260539","ok","16.3232888","0.0169475","16.3402396"
"WOA","11","20260540","ok","15.9211222","0.0279841","15.9491095"
"WOA","12","20260541","ok","16.7914297","0.0131157","16.8045527"
"WOA","13","20260542","ok","17.0254791","0.0117498","17.0372322"
"WOA","14","20260543","ok","14.9986005","0.0109573","15.0095609"
"WOA","15","20260544","ok","14.2534824","0.0124454","14.2659317"
"WOA","16","20260545","ok","15.0264863","0.0119948","15.038485"
"WOA","17","20260546","ok","14.3732615","0.0112107","14.3844853"
"WOA","18","20260547","ok","14.4376774","0.0115111","14.4491916"
"WOA","19","20260548","ok","13.9170269","0.0100885","13.9271192"
"WOA","20","20260549","ok","13.9038844","0.0126457","13.9165335"
"WOA","21","20260550","ok","14.8850385","0.0118506","14.896892"
"WOA","22","20260551","ok","13.5408282","0.0135251","13.5543562"
"WOA","23","20260552","ok","13.6784345","0.0121866","13.6906235"
"WOA","24","20260553","ok","13.8562159","0.0115088","13.8677278"
"WOA","25","20260554","ok","13.3581293","0.0098657","13.3679978"
"WOA","26","20260555","ok","13.6949729","0.0111974","13.7061733"
"WOA","27","20260556","ok","13.6211925","0.0108714","13.6320669"
"WOA","28","20260557","ok","13.5798953","0.011159","13.5910579"
"WOA","29","20260558","ok","16.0360552","0.0148772","16.0509365"
"WOA","30","20260559","ok","14.3871535","0.0119261","14.3990829"
"GWO","1","20260530","ok","13.8966171","0.0117148","13.9083356"
"GWO","2","20260531","ok","14.5015548","0.0130221","14.5145809"
"GWO","3","20260532","ok","14.2674905","0.0147529","14.2822461"
"GWO","4","20260533","ok","14.8494245","0.0111309","14.8605589"
"GWO","5","20260534","ok","13.694832","0.0136024","13.7084383"
"GWO","6","20260535","ok","13.6854936","0.0110839","13.6965802"
"GWO","7","20260536","ok","13.2137898","0.0211813","13.234974"
"GWO","8","20260537","ok","13.0726455","0.0111359","13.0837847"
"GWO","9","20260538","ok","12.9856774","0.0215197","13.0071999"
"GWO","10","20260539","ok","13.1245146","0.0110158","13.1355328"
"GWO","11","20260540","ok","13.102192","0.0100604","13.1122552"
"GWO","12","20260541","ok","13.6993443","0.0122024","13.7115501"
"GWO","13","20260542","ok","13.377929","0.0114995","13.3894317"
"GWO","14","20260543","ok","14.2225462","0.0137345","14.2362839"
"GWO","15","20260544","ok","13.148582","0.0104327","13.1590183"
"GWO","16","20260545","ok","13.8541273","0.0113776","13.8655077"
"GWO","17","20260546","ok","13.6187734","0.0213641","13.6401411"
"GWO","18","20260547","ok","13.6234798","0.012491","13.635974"
"GWO","19","20260548","ok","14.7510307","0.0172863","14.7683209"
"GWO","20","20260549","ok","16.7375393","0.0153677","16.7529109"
"GWO","21","20260550","ok","14.2335696","0.0118856","14.2454585"
"GWO","22","20260551","ok","15.1398003","0.01268","15.1524836"
"GWO","23","20260552","ok","15.0466273","0.0126049","15.0592348"
"GWO","24","20260553","ok","15.0690809","0.0115074","15.0805914"
"GWO","25","20260554","ok","13.8421819","0.0120075","13.8541929"
"GWO","26","20260555","ok","14.5074391","0.0116326","14.5190748"
"GWO","27","20260556","ok","15.4249534","0.0160163","15.4409735"
"GWO","28","20260557","ok","15.1612524","0.0152169","15.1764725"
"GWO","29","20260558","ok","14.9912128","0.0115575","15.0027733"
"GWO","30","20260559","ok","14.7386523","0.0139043","14.7525598"
"HHO","1","20260530","ok","33.4660315","0.0117334","33.4777684"
"HHO","2","20260531","ok","35.4750274","0.011772","35.486804"
"HHO","3","20260532","ok","34.4910847","0.0105078","34.5015967"
"HHO","4","20260533","ok","30.7806914","0.0122187","30.792913"
"HHO","5","20260534","ok","33.4597459","0.0122536","33.4720025"
"HHO","6","20260535","ok","32.6226016","0.0128622","32.6354673"
"HHO","7","20260536","ok","31.3947102","0.0144205","31.4091337"
"HHO","8","20260537","ok","34.8882022","0.0128538","34.9010588"
"HHO","9","20260538","ok","33.6482871","0.0104797","33.6587695"
"HHO","10","20260539","ok","32.8118372","0.010521","32.8223609"
"HHO","11","20260540","ok","34.9026658","0.0112239","34.9138929"
"HHO","12","20260541","ok","34.2894751","0.010772","34.3002512"
"HHO","13","20260542","ok","34.2673504","0.014035","34.2813884"
"HHO","14","20260543","ok","35.1759071","0.0104745","35.1863852"
"HHO","15","20260544","ok","35.8676954","0.0115365","35.879235"
"HHO","16","20260545","ok","33.0424993","0.0114","33.0539036"
"HHO","17","20260546","ok","31.5488413","0.0121723","31.5610177"
"HHO","18","20260547","ok","33.2151547","0.0107205","33.2258781"
"HHO","19","20260548","ok","30.8270072","0.011138","30.8381493"
"HHO","20","20260549","ok","35.2775771","0.0120306","35.2896118"
"HHO","21","20260550","ok","33.2153424","0.0113508","33.2267342"
"HHO","22","20260551","ok","34.6081162","0.010381","34.6185486"
"HHO","23","20260552","ok","34.9103754","0.0220113","34.9323896"
"HHO","24","20260553","ok","32.5070961","0.0120679","32.5191671"
"HHO","25","20260554","ok","34.683356","0.0148726","34.6982314"
"HHO","26","20260555","ok","36.008777","0.0141202","36.0229009"
"HHO","27","20260556","ok","31.7876703","0.01124","31.7989138"
"HHO","28","20260557","ok","32.485668","0.011324","32.4969953"
"HHO","29","20260558","ok","32.6911955","0.0111503","32.7023489"
"HHO","30","20260559","ok","33.4539918","0.0122447","33.4662396"
"EVO","1","20260530","ok","29.1693156","0.0125821","29.181901"
"EVO","2","20260531","ok","15.9230502","0.0109541","15.934008"
"EVO","3","20260532","ok","15.5165926","0.0227944","15.5393902"
"EVO","4","20260533","ok","15.0349308","0.0124542","15.0473883"
"EVO","5","20260534","ok","23.6826345","0.0123495","23.6949881"
"EVO","6","20260535","ok","30.1833464","0.0122647","30.1956145"
"EVO","7","20260536","ok","29.5078615","0.0118773","29.519742"
"EVO","8","20260537","ok","15.5703046","0.0104372","15.5807446"
"EVO","9","20260538","ok","29.3677146","0.0124307","29.3801483"
"EVO","10","20260539","ok","15.8692435","0.0117642","15.8810106"
"EVO","11","20260540","ok","30.025377","0.0123338","30.0377141"
"EVO","12","20260541","ok","15.6553435","0.0119303","15.6672768"
"EVO","13","20260542","ok","16.2374413","0.0121467","16.2495915"
"EVO","14","20260543","ok","30.4593049","0.019753","30.4790659"
"EVO","15","20260544","ok","19.3935995","0.0113258","19.4049285"
"EVO","16","20260545","ok","28.5936829","0.0118096","28.6054957"
"EVO","17","20260546","ok","29.9075816","0.0129168","29.9205009"
"EVO","18","20260547","ok","14.8343235","0.0118169","14.8461431"
"EVO","19","20260548","ok","15.7659373","0.0136476","15.7795882"
"EVO","20","20260549","ok","14.8137015","0.0144424","14.8281473"
"EVO","21","20260550","ok","15.6408447","0.0104543","15.6513023"
"EVO","22","20260551","ok","14.557476","0.0120858","14.5695656"
"EVO","23","20260552","ok","26.4429276","0.0108836","26.4538157"
"EVO","24","20260553","ok","26.7119091","0.0111525","26.7230646"
"EVO","25","20260554","ok","13.0453567","0.0094609","13.0548207"
"EVO","26","20260555","ok","25.4594038","0.0095616","25.4689678"
"EVO","27","20260556","ok","25.6014337","0.0102439","25.6116815"
"EVO","28","20260557","ok","13.9412246","0.01091","13.9521373"
"EVO","29","20260558","ok","13.8853475","0.0111601","13.8965114"
"EVO","30","20260559","ok","13.6119333","0.0111122","13.6230491"
"PO","1","20260530","ok","387.487444","0.0105393","387.4979867"
"PO","2","20260531","ok","381.407888","0.0108765","381.4187685"
"PO","3","20260532","ok","381.0798371","0.0102726","381.0901127"
"PO","4","20260533","ok","374.5976367","0.011184","374.6088266"
"PO","5","20260534","ok","376.1971046","0.0099129","376.2070203"
"PO","6","20260535","ok","375.9058289","0.0107532","375.916585"
"PO","7","20260536","ok","374.4802086","0.0109814","374.4911929"
"PO","8","20260537","ok","375.4401531","0.0118791","375.4520355"
"PO","9","20260538","ok","376.7870499","0.011333","376.7983858"
"PO","10","20260539","ok","428.3469502","0.0114094","428.3583635"
"PO","11","20260540","ok","408.271175","0.0115293","408.282712"
"PO","12","20260541","ok","408.2051032","0.0124964","408.2176032"
"PO","13","20260542","ok","413.6686087","0.0136334","413.6822456"
"PO","14","20260543","ok","406.2285431","0.0127622","406.241308"
"PO","15","20260544","ok","406.7407338","0.013558","406.7542946"
"PO","16","20260545","ok","411.5365834","0.0282207","411.5648072"
"PO","17","20260546","ok","409.6380309","0.0138688","409.6519032"
"PO","18","20260547","ok","403.6374634","0.0125332","403.6500047"
"PO","19","20260548","ok","388.138033","0.0116264","388.1496622"
"PO","20","20260549","ok","386.7730151","0.0113483","386.7843664"
"PO","21","20260550","ok","381.9488473","0.0107744","381.9596244"
"PO","22","20260551","ok","386.8820124","0.010686","386.8927011"
"PO","23","20260552","ok","384.6235481","0.0105835","384.6341346"
"PO","24","20260553","ok","387.2433494","0.022404","387.2657562"
"PO","25","20260554","ok","373.3184786","0.0112016","373.3296861"
"PO","26","20260555","ok","384.9798568","0.0102027","384.9900624"
"PO","27","20260556","ok","387.1152824","0.021593","387.1368785"
"PO","28","20260557","ok","386.2062902","0.0114462","386.2177493"
"PO","29","20260558","ok","388.8307452","0.0113906","388.8421384"
"PO","30","20260559","ok","386.8890593","0.0101827","386.899245"
"NRBO","1","20260530","ok","13.712343","0.0110181","13.7233642"
"NRBO","2","20260531","ok","13.2447061","0.0115435","13.2562528"
"NRBO","3","20260532","ok","13.0798473","0.0127341","13.0925842"
"NRBO","4","20260533","ok","13.2125986","0.0123263","13.2249274"
"NRBO","5","20260534","ok","13.2863301","0.0119015","13.2982355"
"NRBO","6","20260535","ok","13.1396304","0.0110794","13.1507129"
"NRBO","7","20260536","ok","13.3248721","0.0127416","13.3376182"
"NRBO","8","20260537","ok","13.197777","0.0225747","13.220355"
"NRBO","9","20260538","ok","13.1901563","0.0113482","13.2015076"
"NRBO","10","20260539","ok","13.3612149","0.0223626","13.3835807"
"NRBO","11","20260540","ok","13.3266428","0.0108527","13.3374985"
"NRBO","12","20260541","ok","13.1561857","0.0105253","13.166715"
"NRBO","13","20260542","ok","13.2255241","0.0215604","13.2470871"
"NRBO","14","20260543","ok","13.1952401","0.011328","13.2065711"
"NRBO","15","20260544","ok","13.0377653","0.0120487","13.0498171"
"NRBO","16","20260545","ok","13.2197348","0.0216479","13.2413864"
"NRBO","17","20260546","ok","13.2152178","0.0110047","13.2262254"
"NRBO","18","20260547","ok","13.2350858","0.0101911","13.2452799"
"NRBO","19","20260548","ok","13.3378497","0.0115488","13.3494018"
"NRBO","20","20260549","ok","13.2299411","0.0107811","13.240725"
"NRBO","21","20260550","ok","13.3079521","0.0121737","13.3201286"
"NRBO","22","20260551","ok","13.1641213","0.0113542","13.1754781"
"NRBO","23","20260552","ok","13.2026692","0.0111695","13.2138418"
"NRBO","24","20260553","ok","13.2334056","0.0110538","13.2444622"
"NRBO","25","20260554","ok","12.9020019","0.0098621","12.9118673"
"NRBO","26","20260555","ok","13.0192787","0.0112033","13.0304845"
"NRBO","27","20260556","ok","13.4101384","0.0220305","13.4321713"
"NRBO","28","20260557","ok","13.1353476","0.0104747","13.1458255"
"NRBO","29","20260558","ok","13.2419707","0.0116837","13.2536573"
"NRBO","30","20260559","ok","13.1609786","0.0114715","13.172453"
"CPO","1","20260530","ok","0.8725887","0.0106929","0.8832845"
"CPO","2","20260531","ok","0.692421","0.0108858","0.7033097"
"CPO","3","20260532","ok","0.6733051","0.0104655","0.6837734"
"CPO","4","20260533","ok","0.659888","0.0121127","0.6720031"
"CPO","5","20260534","ok","0.7406385","0.0103649","0.7510072"
"CPO","6","20260535","ok","0.6723203","0.0113128","0.6836364"
"CPO","7","20260536","ok","0.6676238","0.0231206","0.6907478"
"CPO","8","20260537","ok","0.7533875","0.0125822","0.7659726"
"CPO","9","20260538","ok","0.6785489","0.0120466","0.6905989"
"CPO","10","20260539","ok","0.693383","0.0113781","0.7047652"
"CPO","11","20260540","ok","0.6885716","0.010651","0.6992251"
"CPO","12","20260541","ok","0.6940145","0.0115546","0.7055718"
"CPO","13","20260542","ok","0.7077235","0.0113692","0.7190958"
"CPO","14","20260543","ok","0.6792166","0.0233164","0.7025358"
"CPO","15","20260544","ok","0.6577009","0.0104546","0.6681581"
"CPO","16","20260545","ok","0.6600184","0.0096811","0.6697036"
"CPO","17","20260546","ok","0.6623201","0.0115147","0.6738379"
"CPO","18","20260547","ok","0.6560757","0.0107443","0.6674482"
"CPO","19","20260548","ok","0.6806289","0.0106928","0.6913243"
"CPO","20","20260549","ok","0.6531125","0.010756","0.6638718"
"CPO","21","20260550","ok","0.6768573","0.0113937","0.6882541"
"CPO","22","20260551","ok","0.6711978","0.0109017","0.6821027"
"CPO","23","20260552","ok","0.6583233","0.010982","0.6693081"
"CPO","24","20260553","ok","0.6525725","0.0103919","0.6629671"
"CPO","25","20260554","ok","0.6573036","0.0097915","0.6670975"
"CPO","26","20260555","ok","0.6871094","0.0216965","0.7088131"
"CPO","27","20260556","ok","0.6742767","0.0119682","0.6862475"
"CPO","28","20260557","ok","0.6616326","0.0106532","0.6722886"
"CPO","29","20260558","ok","0.6808372","0.0106285","0.6914689"
"CPO","30","20260559","ok","0.6747585","0.0101813","0.6849428"
"SWO","1","20260530","ok","0.8361299","0.0102509","0.846384"
"SWO","2","20260531","ok","0.6777469","0.0105678","0.6883174"
"SWO","3","20260532","ok","0.6656884","0.0106778","0.6763688"
"SWO","4","20260533","ok","0.6665793","0.0109325","0.6775142"
"SWO","5","20260534","ok","0.6702651","0.0114468","0.6817149"
"SWO","6","20260535","ok","0.6856754","0.0108349","0.6965131"
"SWO","7","20260536","ok","0.6620414","0.0108205","0.672865"
"SWO","8","20260537","ok","0.6575816","0.010955","0.6685391"
"SWO","9","20260538","ok","0.6511646","0.010547","0.6617144"
"SWO","10","20260539","ok","0.6544851","0.0105512","0.6650399"
"SWO","11","20260540","ok","0.667413","0.0103988","0.6778147"
"SWO","12","20260541","ok","0.6539861","0.0115423","0.6655313"
"SWO","13","20260542","ok","0.6948349","0.0135932","0.7084319"
"SWO","14","20260543","ok","0.6423929","0.011063","0.6534585"
"SWO","15","20260544","ok","0.6678219","0.0121063","0.6799314"
"SWO","16","20260545","ok","0.6708617","0.0111586","0.682024"
"SWO","17","20260546","ok","0.6496745","0.0116964","0.6613741"
"SWO","18","20260547","ok","0.6621341","0.0109741","0.6731115"
"SWO","19","20260548","ok","0.6657033","0.0098568","0.6755628"
"SWO","20","20260549","ok","0.6509219","0.0111262","0.6620512"
"SWO","21","20260550","ok","0.6674395","0.0103826","0.6778248"
"SWO","22","20260551","ok","0.6486556","0.0105519","0.6592104"
"SWO","23","20260552","ok","0.6699976","0.0107507","0.6807509"
"SWO","24","20260553","ok","0.6520522","0.0109547","0.6630097"
"SWO","25","20260554","ok","0.6555513","0.0101969","0.6657508"
"SWO","26","20260555","ok","0.6555","0.0111317","0.6666349"
"SWO","27","20260556","ok","0.6519609","0.0110285","0.6629921"
"SWO","28","20260557","ok","0.6714122","0.0215467","0.6929622"
"SWO","29","20260558","ok","0.6550713","0.0214402","0.6765143"
"SWO","30","20260559","ok","0.68593","0.0109526","0.6968856"
"MSDBO","1","20260530","ok","12.81291","0.0114648","12.8243783"
"MSDBO","2","20260531","ok","13.6688358","0.0111887","13.6800277"
"MSDBO","3","20260532","ok","12.282343","0.0115827","12.2939288"
"MSDBO","4","20260533","ok","12.4977802","0.0108846","12.5086682"
"MSDBO","5","20260534","ok","12.5612013","0.0139054","12.5751107"
"MSDBO","6","20260535","ok","12.1258205","0.0111733","12.1369965"
"MSDBO","7","20260536","ok","12.9357163","0.0117355","12.9474546"
"MSDBO","8","20260537","ok","12.2225298","0.0124504","12.2349833"
"MSDBO","9","20260538","ok","12.2516353","0.0108558","12.2624939"
"MSDBO","10","20260539","ok","12.1473029","0.0122115","12.1595172"
"MSDBO","11","20260540","ok","12.1436529","0.0107838","12.1544395"
"MSDBO","12","20260541","ok","12.2987801","0.0110501","12.3098329"
"MSDBO","13","20260542","ok","13.7031399","0.0138345","13.7169774"
"MSDBO","14","20260543","ok","12.4426543","0.0121775","12.4548352"
"MSDBO","15","20260544","ok","12.1717814","0.0116836","12.1834679"
"MSDBO","16","20260545","ok","12.199869","0.0104685","12.21034"
"MSDBO","17","20260546","ok","12.4747247","0.0115566","12.4862843"
"MSDBO","18","20260547","ok","12.0992332","0.01105","12.1102862"
"MSDBO","19","20260548","ok","12.7004272","0.0110723","12.7115021"
"MSDBO","20","20260549","ok","12.3561168","0.0124974","12.3686174"
"MSDBO","21","20260550","ok","13.2048874","0.011497","13.2163871"
"MSDBO","22","20260551","ok","12.5096122","0.0114781","12.5210933"
"MSDBO","23","20260552","ok","12.1550725","0.0110803","12.1661557"
"MSDBO","24","20260553","ok","12.1432782","0.0124611","12.1557428"
"MSDBO","25","20260554","ok","12.823585","0.0113681","12.8349559"
"MSDBO","26","20260555","ok","12.4543103","0.0117517","12.4660652"
"MSDBO","27","20260556","ok","12.2760702","0.0112371","12.2873101"
"MSDBO","28","20260557","ok","12.2178891","0.0119263","12.2298185"
"MSDBO","29","20260558","ok","12.4002696","0.0101828","12.4104549"
"MSDBO","30","20260559","ok","12.7547216","0.0125629","12.7672875"
